date,probability_up,probability_down,prediction,signal,confidence
2020-10-31,0.5542304,0.4457696,1,UP ↑,0.108460784
2020-11-01,0.5443415,0.4556585,1,UP ↑,0.08868301
2020-11-02,0.5345929,0.46540707,1,UP ↑,0.06918585
2020-11-03,0.5237769,0.4762231,1,UP ↑,0.047553778
2020-11-04,0.5156113,0.4843887,1,UP ↑,0.031222582
2020-11-05,0.5042685,0.49573147,1,UP ↑,0.008537054
2020-11-06,0.49794498,0.50205505,0,DOWN ↓,0.0041100383
2020-11-07,0.48938596,0.51061404,0,DOWN ↓,0.021228075
2020-11-08,0.48885366,0.5111463,0,DOWN ↓,0.022292674
2020-11-09,0.48865482,0.51134515,0,DOWN ↓,0.022690356
2020-11-10,0.49563742,0.5043626,0,DOWN ↓,0.008725166
2020-11-11,0.5022878,0.4977122,1,UP ↑,0.00457561
2020-11-12,0.5092243,0.4907757,1,UP ↑,0.018448591
2020-11-13,0.51562786,0.48437214,1,UP ↑,0.031255722
2020-11-14,0.5253438,0.47465622,1,UP ↑,0.05068755
2020-11-15,0.5325285,0.46747148,1,UP ↑,0.06505704
2020-11-16,0.5403084,0.45969158,1,UP ↑,0.08061683
2020-11-17,0.54706544,0.45293456,1,UP ↑,0.09413087
2020-11-18,0.5561715,0.44382852,1,UP ↑,0.11234295
2020-11-19,0.55827135,0.44172865,1,UP ↑,0.1165427
2020-11-20,0.5620356,0.43796438,1,UP ↑,0.12407124
2020-11-21,0.5666797,0.43332028,1,UP ↑,0.13335943
2020-11-22,0.5745682,0.4254318,1,UP ↑,0.14913642
2020-11-23,0.5787037,0.4212963,1,UP ↑,0.1574074
2020-11-24,0.58664113,0.41335887,1,UP ↑,0.17328227
2020-11-25,0.59154624,0.40845376,1,UP ↑,0.18309247
2020-11-26,0.5945885,0.40541148,1,UP ↑,0.18917704
2020-11-27,0.5950448,0.4049552,1,UP ↑,0.19008958
2020-11-28,0.5984425,0.4015575,1,UP ↑,0.19688499
2020-11-29,0.6034531,0.3965469,1,UP ↑,0.2069062
2020-11-30,0.6051346,0.3948654,1,UP ↑,0.21026921
2020-12-01,0.6086703,0.3913297,1,UP ↑,0.21734059
2020-12-02,0.609297,0.39070302,1,UP ↑,0.21859396
2020-12-03,0.6129581,0.38704193,1,UP ↑,0.22591615
2020-12-04,0.6162567,0.3837433,1,UP ↑,0.23251343
2020-12-05,0.62375623,0.37624377,1,UP ↑,0.24751246
2020-12-06,0.6321432,0.3678568,1,UP ↑,0.2642864
2020-12-07,0.6396271,0.3603729,1,UP ↑,0.2792542
2020-12-08,0.6473404,0.35265958,1,UP ↑,0.29468083
2020-12-09,0.6523771,0.34762287,1,UP ↑,0.30475426
2020-12-10,0.6550557,0.3449443,1,UP ↑,0.3101114
2020-12-11,0.65583515,0.34416485,1,UP ↑,0.3116703
2020-12-12,0.6576895,0.3423105,1,UP ↑,0.31537902
2020-12-13,0.65776294,0.34223706,1,UP ↑,0.3155259
2020-12-14,0.659466,0.34053397,1,UP ↑,0.31893206
2020-12-15,0.6605882,0.3394118,1,UP ↑,0.3211764
2020-12-16,0.65924525,0.34075475,1,UP ↑,0.3184905
2020-12-17,0.6534993,0.3465007,1,UP ↑,0.3069986
2020-12-18,0.64251333,0.35748667,1,UP ↑,0.28502667
2020-12-19,0.6318729,0.3681271,1,UP ↑,0.26374578
2020-12-20,0.62787616,0.37212384,1,UP ↑,0.25575233
2020-12-21,0.62412673,0.37587327,1,UP ↑,0.24825346
2020-12-22,0.62751085,0.37248915,1,UP ↑,0.2550217
2020-12-23,0.6251536,0.3748464,1,UP ↑,0.2503072
2020-12-24,0.62761873,0.37238127,1,UP ↑,0.25523746
2020-12-25,0.6271043,0.37289572,1,UP ↑,0.25420856
2020-12-26,0.6297319,0.3702681,1,UP ↑,0.2594638
2020-12-27,0.6281289,0.3718711,1,UP ↑,0.25625777
2020-12-28,0.6295331,0.3704669,1,UP ↑,0.25906622
2020-12-29,0.629261,0.37073898,1,UP ↑,0.25852203
2020-12-30,0.6303739,0.3696261,1,UP ↑,0.2607478
2020-12-31,0.6302479,0.3697521,1,UP ↑,0.26049578
2021-01-01,0.63147426,0.36852574,1,UP ↑,0.2629485
2021-01-02,0.62893206,0.37106794,1,UP ↑,0.25786412
2021-01-03,0.6258961,0.3741039,1,UP ↑,0.2517922
2021-01-04,0.62072116,0.37927884,1,UP ↑,0.24144232
2021-01-05,0.61106753,0.38893247,1,UP ↑,0.22213507
2021-01-06,0.59614086,0.40385914,1,UP ↑,0.19228172
2021-01-07,0.56295854,0.43704146,1,UP ↑,0.12591708
2021-01-08,0.5279052,0.47209477,1,UP ↑,0.05581045
2021-01-09,0.48213947,0.51786053,0,DOWN ↓,0.035721064
2021-01-10,0.44473284,0.55526716,0,DOWN ↓,0.11053431
2021-01-11,0.41764507,0.5823549,0,DOWN ↓,0.16470987
2021-01-12,0.39086705,0.60913295,0,DOWN ↓,0.21826589
2021-01-13,0.3838561,0.61614394,0,DOWN ↓,0.23228782
2021-01-14,0.37521738,0.6247826,0,DOWN ↓,0.24956524
2021-01-15,0.3928922,0.60710776,0,DOWN ↓,0.21421558
2021-01-16,0.40008798,0.59991205,0,DOWN ↓,0.19982404
2021-01-17,0.42830482,0.5716952,0,DOWN ↓,0.14339036
2021-01-18,0.44808424,0.55191576,0,DOWN ↓,0.10383153
2021-01-19,0.47986904,0.520131,0,DOWN ↓,0.040261924
2021-01-20,0.4939276,0.5060724,0,DOWN ↓,0.012144804
2021-01-21,0.51442915,0.48557085,1,UP ↑,0.028858304
2021-01-22,0.52117723,0.47882277,1,UP ↑,0.042354465
2021-01-23,0.54364127,0.45635873,1,UP ↑,0.08728254
2021-01-24,0.5542262,0.44577378,1,UP ↑,0.10845244
2021-01-25,0.5768655,0.4231345,1,UP ↑,0.15373099
2021-01-26,0.5823426,0.41765738,1,UP ↑,0.16468525
2021-01-27,0.5910363,0.40896368,1,UP ↑,0.18207264
2021-01-28,0.5883871,0.41161293,1,UP ↑,0.17677414
2021-01-29,0.5900001,0.4099999,1,UP ↑,0.18000019
2021-01-30,0.58123434,0.41876566,1,UP ↑,0.16246867
2021-01-31,0.58049625,0.41950375,1,UP ↑,0.1609925
2021-02-01,0.58252347,0.41747653,1,UP ↑,0.16504693
2021-02-02,0.5928945,0.4071055,1,UP ↑,0.18578899
2021-02-03,0.59520435,0.40479565,1,UP ↑,0.1904087
2021-02-04,0.6010492,0.39895082,1,UP ↑,0.20209837
2021-02-05,0.60024065,0.39975935,1,UP ↑,0.2004813
2021-02-06,0.59965545,0.40034455,1,UP ↑,0.1993109
2021-02-07,0.59993315,0.40006685,1,UP ↑,0.1998663
2021-02-08,0.5979658,0.40203422,1,UP ↑,0.19593155
2021-02-09,0.58574414,0.41425586,1,UP ↑,0.17148829
2021-02-10,0.5687407,0.43125927,1,UP ↑,0.13748145
2021-02-11,0.5527632,0.44723678,1,UP ↑,0.10552645
2021-02-12,0.54167247,0.45832753,1,UP ↑,0.08334494
2021-02-13,0.53828263,0.46171737,1,UP ↑,0.076565266
2021-02-14,0.5375302,0.46246982,1,UP ↑,0.07506037
2021-02-15,0.54131645,0.45868355,1,UP ↑,0.0826329
2021-02-16,0.54182786,0.45817214,1,UP ↑,0.083655715
2021-02-17,0.54113966,0.45886034,1,UP ↑,0.082279325
2021-02-18,0.5371756,0.4628244,1,UP ↑,0.07435119
2021-02-19,0.52963996,0.47036004,1,UP ↑,0.05927992
2021-02-20,0.5220268,0.47797322,1,UP ↑,0.044053555
2021-02-21,0.5146145,0.48538548,1,UP ↑,0.029229045
2021-02-22,0.5089437,0.49105632,1,UP ↑,0.017887354
2021-02-23,0.49851912,0.5014809,0,DOWN ↓,0.0029617548
2021-02-24,0.48222992,0.51777005,0,DOWN ↓,0.035540164
2021-02-25,0.47603276,0.52396727,0,DOWN ↓,0.047934473
2021-02-26,0.48188028,0.5181197,0,DOWN ↓,0.036239445
2021-02-27,0.4863411,0.5136589,0,DOWN ↓,0.027317822
2021-02-28,0.49946576,0.50053424,0,DOWN ↓,0.0010684729
2021-03-01,0.5158582,0.48414183,1,UP ↑,0.031716347
2021-03-02,0.5358855,0.4641145,1,UP ↑,0.071771026
2021-03-03,0.54926366,0.45073634,1,UP ↑,0.09852731
2021-03-04,0.5652279,0.43477207,1,UP ↑,0.13045585
2021-03-05,0.5707547,0.4292453,1,UP ↑,0.14150941
2021-03-06,0.5805848,0.41941518,1,UP ↑,0.16116965
2021-03-07,0.5881828,0.4118172,1,UP ↑,0.17636561
2021-03-08,0.5983223,0.40167773,1,UP ↑,0.19664454
2021-03-09,0.6012726,0.39872742,1,UP ↑,0.20254517
2021-03-10,0.6010918,0.3989082,1,UP ↑,0.2021836
2021-03-11,0.59752876,0.40247124,1,UP ↑,0.19505751
2021-03-12,0.59241945,0.40758055,1,UP ↑,0.18483889
2021-03-13,0.5864804,0.41351962,1,UP ↑,0.17296076
2021-03-14,0.58333886,0.41666114,1,UP ↑,0.16667771
2021-03-15,0.58282185,0.41717815,1,UP ↑,0.16564369
2021-03-16,0.58145344,0.41854656,1,UP ↑,0.16290689
2021-03-17,0.57923234,0.42076766,1,UP ↑,0.15846467
2021-03-18,0.57770294,0.42229706,1,UP ↑,0.15540588
2021-03-19,0.57800174,0.42199826,1,UP ↑,0.15600348
2021-03-20,0.58510536,0.41489464,1,UP ↑,0.17021072
2021-03-21,0.5898419,0.4101581,1,UP ↑,0.1796838
2021-03-22,0.5961955,0.40380448,1,UP ↑,0.19239104
2021-03-23,0.59764606,0.40235394,1,UP ↑,0.19529212
2021-03-24,0.59873575,0.40126425,1,UP ↑,0.1974715
2021-03-25,0.5938779,0.4061221,1,UP ↑,0.18775582
2021-03-26,0.5904988,0.4095012,1,UP ↑,0.18099761
2021-03-27,0.58399224,0.41600776,1,UP ↑,0.16798449
2021-03-28,0.5829209,0.4170791,1,UP ↑,0.16584182
2021-03-29,0.5834837,0.4165163,1,UP ↑,0.16696739
2021-03-30,0.5828102,0.41718978,1,UP ↑,0.16562045
2021-03-31,0.582414,0.41758603,1,UP ↑,0.16482794
2021-04-01,0.57997364,0.42002636,1,UP ↑,0.15994728
2021-04-02,0.57546526,0.42453474,1,UP ↑,0.15093052
2021-04-03,0.57063705,0.42936295,1,UP ↑,0.1412741
2021-04-04,0.56501454,0.43498546,1,UP ↑,0.13002908
2021-04-05,0.560509,0.43949097,1,UP ↑,0.12101805
2021-04-06,0.554549,0.44545102,1,UP ↑,0.10909796
2021-04-07,0.54758275,0.45241725,1,UP ↑,0.09516549
2021-04-08,0.53331506,0.46668494,1,UP ↑,0.066630125
2021-04-09,0.5232419,0.47675812,1,UP ↑,0.046483755
2021-04-10,0.5117048,0.4882952,1,UP ↑,0.023409605
2021-04-11,0.50172013,0.49827987,1,UP ↑,0.003440261
2021-04-12,0.49112904,0.50887096,0,DOWN ↓,0.017741919
2021-04-13,0.482205,0.51779497,0,DOWN ↓,0.035589993
2021-04-14,0.4703044,0.52969563,0,DOWN ↓,0.0593912
2021-04-15,0.45888013,0.5411199,0,DOWN ↓,0.08223975
2021-04-16,0.44844437,0.55155563,0,DOWN ↓,0.10311127
2021-04-17,0.43660676,0.56339324,0,DOWN ↓,0.12678647
2021-04-18,0.42959222,0.57040775,0,DOWN ↓,0.14081556
2021-04-19,0.4220557,0.5779443,0,DOWN ↓,0.15588862
2021-04-20,0.4179234,0.5820766,0,DOWN ↓,0.16415322
2021-04-21,0.41910037,0.5808996,0,DOWN ↓,0.16179925
2021-04-22,0.42031133,0.57968867,0,DOWN ↓,0.15937734
2021-04-23,0.42626113,0.5737389,0,DOWN ↓,0.14747775
2021-04-24,0.42117667,0.5788233,0,DOWN ↓,0.15764666
2021-04-25,0.43560883,0.56439114,0,DOWN ↓,0.12878233
2021-04-26,0.44356444,0.5564356,0,DOWN ↓,0.11287111
2021-04-27,0.4591269,0.5408731,0,DOWN ↓,0.08174622
2021-04-28,0.46349505,0.536505,0,DOWN ↓,0.07300991
2021-04-29,0.4781572,0.52184284,0,DOWN ↓,0.043685615
2021-04-30,0.4813259,0.51867414,0,DOWN ↓,0.03734821
2021-05-01,0.4886409,0.5113591,0,DOWN ↓,0.022718191
2021-05-02,0.49523434,0.5047656,0,DOWN ↓,0.009531319
2021-05-03,0.5092644,0.4907356,1,UP ↑,0.01852882
2021-05-04,0.52228516,0.47771484,1,UP ↑,0.044570327
2021-05-05,0.52896696,0.47103304,1,UP ↑,0.057933927
2021-05-06,0.5326237,0.4673763,1,UP ↑,0.06524742
2021-05-07,0.5353253,0.4646747,1,UP ↑,0.07065058
2021-05-08,0.5370733,0.4629267,1,UP ↑,0.07414663
2021-05-09,0.54099107,0.45900893,1,UP ↑,0.081982136
2021-05-10,0.54485637,0.45514363,1,UP ↑,0.08971274
2021-05-11,0.5473648,0.45263523,1,UP ↑,0.09472954
2021-05-12,0.5480626,0.45193738,1,UP ↑,0.096125245
2021-05-13,0.54337406,0.45662594,1,UP ↑,0.08674812
2021-05-14,0.53101164,0.46898836,1,UP ↑,0.062023282
2021-05-15,0.5217564,0.4782436,1,UP ↑,0.04351282
2021-05-16,0.51873386,0.48126614,1,UP ↑,0.037467718
2021-05-17,0.51932037,0.48067963,1,UP ↑,0.038640738
2021-05-18,0.5162741,0.4837259,1,UP ↑,0.03254819
2021-05-19,0.5192614,0.48073858,1,UP ↑,0.03852284
2021-05-20,0.51299024,0.48700976,1,UP ↑,0.025980473
2021-05-21,0.51023155,0.48976845,1,UP ↑,0.020463109
2021-05-22,0.5077832,0.49221683,1,UP ↑,0.015566349
2021-05-23,0.5122755,0.48772448,1,UP ↑,0.024551034
2021-05-24,0.51765,0.48235,1,UP ↑,0.035300016
2021-05-25,0.5141725,0.4858275,1,UP ↑,0.028344989
2021-05-26,0.51126987,0.48873013,1,UP ↑,0.022539735
2021-05-27,0.4985334,0.50146663,0,DOWN ↓,0.0029332042
2021-05-28,0.4880636,0.5119364,0,DOWN ↓,0.023872793
2021-05-29,0.47244388,0.5275561,0,DOWN ↓,0.055112243
2021-05-30,0.46443287,0.53556716,0,DOWN ↓,0.07113427
2021-05-31,0.4516494,0.5483506,0,DOWN ↓,0.096701205
2021-06-01,0.44361067,0.55638933,0,DOWN ↓,0.11277866
2021-06-02,0.43151364,0.56848633,0,DOWN ↓,0.13697273
2021-06-03,0.4224439,0.57755613,0,DOWN ↓,0.1551122
2021-06-04,0.41205254,0.5879475,0,DOWN ↓,0.17589492
2021-06-05,0.4059606,0.59403944,0,DOWN ↓,0.18807882
2021-06-06,0.39733562,0.60266435,0,DOWN ↓,0.20532876
2021-06-07,0.3942773,0.60572267,0,DOWN ↓,0.21144539
2021-06-08,0.39309716,0.60690284,0,DOWN ↓,0.21380568
2021-06-09,0.40062153,0.59937847,0,DOWN ↓,0.19875693
2021-06-10,0.40589988,0.5941001,0,DOWN ↓,0.18820024
2021-06-11,0.4193562,0.5806438,0,DOWN ↓,0.1612876
2021-06-12,0.41919062,0.58080935,0,DOWN ↓,0.16161877
2021-06-13,0.41822007,0.58177996,0,DOWN ↓,0.16355985
2021-06-14,0.4170141,0.5829859,0,DOWN ↓,0.16597182
2021-06-15,0.41366452,0.5863355,0,DOWN ↓,0.17267096
2021-06-16,0.40897468,0.59102535,0,DOWN ↓,0.18205065
2021-06-17,0.40250424,0.5974958,0,DOWN ↓,0.19499153
2021-06-18,0.40042788,0.5995721,0,DOWN ↓,0.19914424
2021-06-19,0.3942131,0.6057869,0,DOWN ↓,0.21157378
2021-06-20,0.39343414,0.60656583,0,DOWN ↓,0.21313173
2021-06-21,0.39934704,0.60065293,0,DOWN ↓,0.20130593
2021-06-22,0.41399038,0.5860096,0,DOWN ↓,0.17201924
2021-06-23,0.42349717,0.5765028,0,DOWN ↓,0.15300566
2021-06-24,0.42554188,0.5744581,0,DOWN ↓,0.14891624
2021-06-25,0.42576683,0.5742332,0,DOWN ↓,0.14846635
2021-06-26,0.43232164,0.56767833,0,DOWN ↓,0.13535672
2021-06-27,0.434487,0.565513,0,DOWN ↓,0.13102603
2021-06-28,0.43910232,0.5608977,0,DOWN ↓,0.121795356
2021-06-29,0.43643606,0.56356394,0,DOWN ↓,0.12712789
2021-06-30,0.43678072,0.5632193,0,DOWN ↓,0.12643856
2021-07-01,0.43298376,0.56701624,0,DOWN ↓,0.13403249
2021-07-02,0.43051285,0.56948715,0,DOWN ↓,0.13897431
2021-07-03,0.42200702,0.577993,0,DOWN ↓,0.15598595
2021-07-04,0.40462986,0.5953702,0,DOWN ↓,0.19074029
2021-07-05,0.3923873,0.6076127,0,DOWN ↓,0.2152254
2021-07-06,0.38963485,0.61036515,0,DOWN ↓,0.2207303
2021-07-07,0.38263783,0.61736214,0,DOWN ↓,0.23472434
2021-07-08,0.37734964,0.6226504,0,DOWN ↓,0.24530071
2021-07-09,0.37305537,0.62694466,0,DOWN ↓,0.25388926
2021-07-10,0.368177,0.631823,0,DOWN ↓,0.263646
2021-07-11,0.36536282,0.6346372,0,DOWN ↓,0.26927435
2021-07-12,0.36880544,0.6311946,0,DOWN ↓,0.26238912
2021-07-13,0.38293582,0.6170642,0,DOWN ↓,0.23412836
2021-07-14,0.39799488,0.6020051,0,DOWN ↓,0.20401025
2021-07-15,0.4186125,0.5813875,0,DOWN ↓,0.16277498
2021-07-16,0.43496823,0.56503177,0,DOWN ↓,0.13006353
2021-07-17,0.45582473,0.54417527,0,DOWN ↓,0.088350534
2021-07-18,0.47206047,0.52793956,0,DOWN ↓,0.055879056
2021-07-19,0.49487495,0.50512505,0,DOWN ↓,0.010250092
2021-07-20,0.5103401,0.4896599,1,UP ↑,0.02068019
2021-07-21,0.5233518,0.4766482,1,UP ↑,0.046703577
2021-07-22,0.51944715,0.48055285,1,UP ↑,0.038894296
2021-07-23,0.515668,0.48433203,1,UP ↑,0.03133595
2021-07-24,0.51052725,0.48947275,1,UP ↑,0.021054506
2021-07-25,0.5125423,0.4874577,1,UP ↑,0.025084615
2021-07-26,0.5012052,0.4987948,1,UP ↑,0.0024104118
2021-07-27,0.48502496,0.5149751,0,DOWN ↓,0.029950082
2021-07-28,0.46901774,0.53098226,0,DOWN ↓,0.061964512
2021-07-29,0.4448173,0.5551827,0,DOWN ↓,0.11036539
2021-07-30,0.43135545,0.5686445,0,DOWN ↓,0.1372891
2021-07-31,0.41386348,0.5861365,0,DOWN ↓,0.17227304
2021-08-01,0.40890014,0.59109986,0,DOWN ↓,0.18219972
2021-08-02,0.40675402,0.593246,0,DOWN ↓,0.18649197
2021-08-03,0.40787494,0.59212506,0,DOWN ↓,0.18425012
2021-08-04,0.40595987,0.59404016,0,DOWN ↓,0.18808025
2021-08-05,0.40395916,0.59604084,0,DOWN ↓,0.19208169
2021-08-06,0.3953228,0.6046772,0,DOWN ↓,0.2093544
2021-08-07,0.38534814,0.61465186,0,DOWN ↓,0.22930372
2021-08-08,0.3735702,0.6264298,0,DOWN ↓,0.2528596
2021-08-09,0.35968927,0.64031076,0,DOWN ↓,0.28062147
2021-08-10,0.34743577,0.6525642,0,DOWN ↓,0.30512846
2021-08-11,0.33189246,0.6681075,0,DOWN ↓,0.33621508
2021-08-12,0.32008448,0.67991555,0,DOWN ↓,0.35983104
2021-08-13,0.3129852,0.6870148,0,DOWN ↓,0.37402958
2021-08-14,0.31299883,0.68700117,0,DOWN ↓,0.37400234
2021-08-15,0.3187566,0.6812434,0,DOWN ↓,0.36248678
2021-08-16,0.33706006,0.6629399,0,DOWN ↓,0.32587987
2021-08-17,0.34597936,0.65402067,0,DOWN ↓,0.30804127
2021-08-18,0.3649607,0.6350393,0,DOWN ↓,0.2700786
2021-08-19,0.37833083,0.6216692,0,DOWN ↓,0.24333835
2021-08-20,0.39980075,0.6001992,0,DOWN ↓,0.2003985
2021-08-21,0.41573066,0.58426934,0,DOWN ↓,0.16853869
2021-08-22,0.43689117,0.5631088,0,DOWN ↓,0.12621766
2021-08-23,0.46144834,0.5385517,0,DOWN ↓,0.07710332
2021-08-24,0.48248783,0.5175122,0,DOWN ↓,0.035024345
2021-08-25,0.50481975,0.49518025,1,UP ↑,0.009639502
2021-08-26,0.5238434,0.4761566,1,UP ↑,0.047686815
2021-08-27,0.5408404,0.4591596,1,UP ↑,0.081680775
2021-08-28,0.5536419,0.44635808,1,UP ↑,0.10728383
2021-08-29,0.5693776,0.4306224,1,UP ↑,0.1387552
2021-08-30,0.58128875,0.41871125,1,UP ↑,0.16257751
2021-08-31,0.5937019,0.4062981,1,UP ↑,0.1874038
2021-09-01,0.5958686,0.4041314,1,UP ↑,0.19173717
2021-09-02,0.598684,0.401316,1,UP ↑,0.19736803
2021-09-03,0.5922689,0.40773112,1,UP ↑,0.18453777
2021-09-04,0.5895037,0.4104963,1,UP ↑,0.17900741
2021-09-05,0.58546185,0.41453815,1,UP ↑,0.17092371
2021-09-06,0.5856638,0.4143362,1,UP ↑,0.17132759
2021-09-07,0.5816232,0.4183768,1,UP ↑,0.1632464
2021-09-08,0.5768188,0.42318118,1,UP ↑,0.15363765
2021-09-09,0.56914896,0.43085104,1,UP ↑,0.13829792
2021-09-10,0.56104255,0.43895745,1,UP ↑,0.122085094
2021-09-11,0.55780065,0.44219935,1,UP ↑,0.1156013
2021-09-12,0.55962986,0.44037014,1,UP ↑,0.119259715
2021-09-13,0.5646455,0.43535447,1,UP ↑,0.12929106
2021-09-14,0.5694105,0.4305895,1,UP ↑,0.138821
2021-09-15,0.57328904,0.42671096,1,UP ↑,0.14657807
2021-09-16,0.57001215,0.42998785,1,UP ↑,0.1400243
2021-09-17,0.56887513,0.43112487,1,UP ↑,0.13775027
2021-09-18,0.56570107,0.43429893,1,UP ↑,0.13140213
2021-09-19,0.5688012,0.43119878,1,UP ↑,0.13760245
2021-09-20,0.5652309,0.4347691,1,UP ↑,0.13046181
2021-09-21,0.56768847,0.43231153,1,UP ↑,0.13537693
2021-09-22,0.5633509,0.43664908,1,UP ↑,0.12670183
2021-09-23,0.56236035,0.43763965,1,UP ↑,0.12472069
2021-09-24,0.55893886,0.44106114,1,UP ↑,0.11787772
2021-09-25,0.557661,0.442339,1,UP ↑,0.115321994
2021-09-26,0.55588627,0.44411373,1,UP ↑,0.11177254
2021-09-27,0.5598129,0.4401871,1,UP ↑,0.11962581
2021-09-28,0.5607693,0.43923068,1,UP ↑,0.12153864
2021-09-29,0.5627767,0.43722332,1,UP ↑,0.12555337
2021-09-30,0.5637697,0.4362303,1,UP ↑,0.1275394
2021-10-01,0.56034577,0.43965423,1,UP ↑,0.12069154
2021-10-02,0.55997276,0.44002724,1,UP ↑,0.119945526
2021-10-03,0.5565869,0.44341308,1,UP ↑,0.11317384
2021-10-04,0.5568939,0.4431061,1,UP ↑,0.11378777
2021-10-05,0.551815,0.44818503,1,UP ↑,0.10362995
2021-10-06,0.5504915,0.4495085,1,UP ↑,0.10098302
2021-10-07,0.53210866,0.46789134,1,UP ↑,0.06421733
2021-10-08,0.50880516,0.49119484,1,UP ↑,0.017610312
2021-10-09,0.47746575,0.52253425,0,DOWN ↓,0.045068502
2021-10-10,0.47578728,0.5242127,0,DOWN ↓,0.048425436
2021-10-11,0.46446562,0.5355344,0,DOWN ↓,0.071068764
2021-10-12,0.45540908,0.54459095,0,DOWN ↓,0.08918184
2021-10-13,0.44430122,0.55569875,0,DOWN ↓,0.111397564
2021-10-14,0.44498393,0.55501604,0,DOWN ↓,0.11003214
2021-10-15,0.44500187,0.55499816,0,DOWN ↓,0.10999626
2021-10-16,0.45026156,0.5497384,0,DOWN ↓,0.099476874
2021-10-17,0.4567401,0.54325986,0,DOWN ↓,0.08651978
2021-10-18,0.47536924,0.5246308,0,DOWN ↓,0.04926151
2021-10-19,0.4753059,0.5246941,0,DOWN ↓,0.04938817
2021-10-20,0.47567055,0.5243294,0,DOWN ↓,0.048658907
2021-10-21,0.46168944,0.5383105,0,DOWN ↓,0.076621115
2021-10-22,0.4630651,0.5369349,0,DOWN ↓,0.073869824
2021-10-23,0.45311776,0.5468823,0,DOWN ↓,0.093764484
2021-10-24,0.4524811,0.5475189,0,DOWN ↓,0.09503782
2021-10-25,0.44067135,0.5593287,0,DOWN ↓,0.11865729
2021-10-26,0.4372251,0.5627749,0,DOWN ↓,0.1255498
2021-10-27,0.4306292,0.5693708,0,DOWN ↓,0.13874161
2021-10-28,0.43215314,0.5678469,0,DOWN ↓,0.13569373
2021-10-29,0.43005356,0.5699464,0,DOWN ↓,0.13989288
2021-10-30,0.4259849,0.57401514,0,DOWN ↓,0.14803022
2021-10-31,0.4181858,0.58181417,0,DOWN ↓,0.1636284
2021-11-01,0.4141521,0.5858479,0,DOWN ↓,0.17169583
2021-11-02,0.4056755,0.59432447,0,DOWN ↓,0.188649
2021-11-03,0.4036394,0.59636056,0,DOWN ↓,0.19272119
2021-11-04,0.39755496,0.602445,0,DOWN ↓,0.20489007
2021-11-05,0.39409256,0.60590744,0,DOWN ↓,0.21181488
2021-11-06,0.38105017,0.61894983,0,DOWN ↓,0.23789966
2021-11-07,0.37438843,0.62561154,0,DOWN ↓,0.25122315
2021-11-08,0.36610332,0.6338967,0,DOWN ↓,0.26779336
2021-11-09,0.36187166,0.63812834,0,DOWN ↓,0.27625668
2021-11-10,0.3574803,0.6425197,0,DOWN ↓,0.28503942
2021-11-11,0.36194578,0.63805425,0,DOWN ↓,0.27610844
2021-11-12,0.36330995,0.63669,0,DOWN ↓,0.2733801
2021-11-13,0.35859814,0.6414019,0,DOWN ↓,0.2828037
2021-11-14,0.36100587,0.6389941,0,DOWN ↓,0.27798826
2021-11-15,0.36602288,0.6339771,0,DOWN ↓,0.26795423
2021-11-16,0.37816513,0.6218349,0,DOWN ↓,0.24366975
2021-11-17,0.40272862,0.5972714,0,DOWN ↓,0.19454277
2021-11-18,0.42552015,0.5744798,0,DOWN ↓,0.1489597
2021-11-19,0.45125726,0.5487428,0,DOWN ↓,0.09748548
2021-11-20,0.45569357,0.5443064,0,DOWN ↓,0.088612854
2021-11-21,0.4607722,0.53922784,0,DOWN ↓,0.07845563
2021-11-22,0.45892736,0.5410726,0,DOWN ↓,0.08214527
2021-11-23,0.4564561,0.54354393,0,DOWN ↓,0.08708781
2021-11-24,0.45654532,0.54345465,0,DOWN ↓,0.086909354
2021-11-25,0.4607497,0.5392503,0,DOWN ↓,0.07850063
2021-11-26,0.46363956,0.53636044,0,DOWN ↓,0.072720885
2021-11-27,0.46319047,0.53680956,0,DOWN ↓,0.07361907
2021-11-28,0.46064517,0.5393548,0,DOWN ↓,0.07870966
2021-11-29,0.456035,0.543965,0,DOWN ↓,0.08793002
2021-11-30,0.45016253,0.54983747,0,DOWN ↓,0.09967494
2021-12-01,0.45111737,0.5488826,0,DOWN ↓,0.09776527
2021-12-02,0.45791674,0.54208326,0,DOWN ↓,0.08416653
2021-12-03,0.4668147,0.5331853,0,DOWN ↓,0.06637061
2021-12-04,0.47661236,0.5233877,0,DOWN ↓,0.04677528
2021-12-05,0.4898932,0.5101068,0,DOWN ↓,0.020213604
2021-12-06,0.49975497,0.50024503,0,DOWN ↓,0.0004900694
2021-12-07,0.5129412,0.48705882,1,UP ↑,0.025882363
2021-12-08,0.513949,0.48605102,1,UP ↑,0.027897954
2021-12-09,0.522673,0.477327,1,UP ↑,0.04534602
2021-12-10,0.52117544,0.47882456,1,UP ↑,0.04235089
2021-12-11,0.5249432,0.47505683,1,UP ↑,0.049886346
2021-12-12,0.51069707,0.48930293,1,UP ↑,0.021394134
2021-12-13,0.50942737,0.49057263,1,UP ↑,0.018854737
2021-12-14,0.49242616,0.50757384,0,DOWN ↓,0.015147686
2021-12-15,0.49322358,0.50677645,0,DOWN ↓,0.0135528445
2021-12-16,0.48856136,0.5114386,0,DOWN ↓,0.022877276
2021-12-17,0.4921015,0.5078985,0,DOWN ↓,0.015797019
2021-12-18,0.48608986,0.5139102,0,DOWN ↓,0.02782029
2021-12-19,0.4782085,0.52179146,0,DOWN ↓,0.043582976
2021-12-20,0.46694976,0.53305024,0,DOWN ↓,0.06610048
2021-12-21,0.45694494,0.54305506,0,DOWN ↓,0.086110115
2021-12-22,0.44854,0.55146,0,DOWN ↓,0.102919996
2021-12-23,0.4485535,0.5514465,0,DOWN ↓,0.102892995
2021-12-24,0.44934294,0.55065703,0,DOWN ↓,0.10131413
2021-12-25,0.45006305,0.54993695,0,DOWN ↓,0.0998739
2021-12-26,0.44533813,0.55466187,0,DOWN ↓,0.10932374
2021-12-27,0.44159508,0.5584049,0,DOWN ↓,0.116809845
2021-12-28,0.43307546,0.5669246,0,DOWN ↓,0.13384908
2021-12-29,0.42705372,0.5729463,0,DOWN ↓,0.14589256
2021-12-30,0.42488638,0.57511365,0,DOWN ↓,0.15022725
2021-12-31,0.42697388,0.5730261,0,DOWN ↓,0.14605224
2022-01-01,0.42521778,0.57478225,0,DOWN ↓,0.14956445
2022-01-02,0.4271707,0.5728293,0,DOWN ↓,0.14565861
2022-01-03,0.42303565,0.5769644,0,DOWN ↓,0.1539287
2022-01-04,0.4187694,0.58123064,0,DOWN ↓,0.16246122
2022-01-05,0.41508916,0.58491087,0,DOWN ↓,0.16982168
2022-01-06,0.42236015,0.5776398,0,DOWN ↓,0.1552797
2022-01-07,0.42654195,0.5734581,0,DOWN ↓,0.14691609
2022-01-08,0.44118264,0.5588174,0,DOWN ↓,0.11763471
2022-01-09,0.4433883,0.55661166,0,DOWN ↓,0.113223374
2022-01-10,0.45076394,0.54923606,0,DOWN ↓,0.09847212
2022-01-11,0.44972375,0.5502763,0,DOWN ↓,0.1005525
2022-01-12,0.45107317,0.54892683,0,DOWN ↓,0.09785366
2022-01-13,0.45682737,0.5431726,0,DOWN ↓,0.086345255
2022-01-14,0.46047533,0.5395247,0,DOWN ↓,0.07904935
2022-01-15,0.4565794,0.5434206,0,DOWN ↓,0.086841226
2022-01-16,0.4520534,0.5479466,0,DOWN ↓,0.095893204
2022-01-17,0.4396692,0.5603308,0,DOWN ↓,0.12066162
2022-01-18,0.43357688,0.5664231,0,DOWN ↓,0.13284624
2022-01-19,0.42432135,0.57567865,0,DOWN ↓,0.1513573
2022-01-20,0.4297998,0.5702002,0,DOWN ↓,0.14040041
2022-01-21,0.43074796,0.569252,0,DOWN ↓,0.13850409
2022-01-22,0.44515866,0.55484134,0,DOWN ↓,0.10968268
2022-01-23,0.4545901,0.5454099,0,DOWN ↓,0.090819776
2022-01-24,0.46863553,0.53136444,0,DOWN ↓,0.06272894
2022-01-25,0.4761118,0.52388823,0,DOWN ↓,0.0477764
2022-01-26,0.48822644,0.5117736,0,DOWN ↓,0.023547113
2022-01-27,0.4978601,0.5021399,0,DOWN ↓,0.0042797923
2022-01-28,0.50747037,0.49252963,1,UP ↑,0.014940739
2022-01-29,0.5152806,0.4847194,1,UP ↑,0.030561209
2022-01-30,0.521538,0.47846198,1,UP ↑,0.04307604
2022-01-31,0.522785,0.477215,1,UP ↑,0.045570016
2022-02-01,0.5259381,0.4740619,1,UP ↑,0.051876187
2022-02-02,0.52788574,0.47211426,1,UP ↑,0.05577147
2022-02-03,0.5346059,0.46539408,1,UP ↑,0.06921184
2022-02-04,0.53559816,0.46440184,1,UP ↑,0.07119632
2022-02-05,0.53829634,0.46170366,1,UP ↑,0.076592684
2022-02-06,0.5328099,0.4671901,1,UP ↑,0.06561983
2022-02-07,0.53262836,0.46737164,1,UP ↑,0.065256715
2022-02-08,0.52348,0.47652,1,UP ↑,0.046959996
2022-02-09,0.5263952,0.4736048,1,UP ↑,0.052790403
2022-02-10,0.51911175,0.48088825,1,UP ↑,0.038223505
2022-02-11,0.5270789,0.47292107,1,UP ↑,0.054157853
2022-02-12,0.52337027,0.47662973,1,UP ↑,0.046740532
2022-02-13,0.5137967,0.4862033,1,UP ↑,0.027593374
2022-02-14,0.49529958,0.5047004,0,DOWN ↓,0.009400845
2022-02-15,0.4656409,0.5343591,0,DOWN ↓,0.068718195
2022-02-16,0.44485044,0.55514956,0,DOWN ↓,0.11029911
2022-02-17,0.42566377,0.57433623,0,DOWN ↓,0.14867246
2022-02-18,0.42476466,0.57523537,0,DOWN ↓,0.15047067
2022-02-19,0.41716892,0.5828311,0,DOWN ↓,0.16566217
2022-02-20,0.4186167,0.5813833,0,DOWN ↓,0.16276658
2022-02-21,0.422407,0.57759297,0,DOWN ↓,0.155186
2022-02-22,0.4303908,0.56960917,0,DOWN ↓,0.13921839
2022-02-23,0.4388796,0.5611204,0,DOWN ↓,0.12224078
2022-02-24,0.44690257,0.5530974,0,DOWN ↓,0.106194854
2022-02-25,0.44928378,0.5507162,0,DOWN ↓,0.10143244
2022-02-26,0.45530948,0.5446905,0,DOWN ↓,0.08938104
2022-02-27,0.45343506,0.54656494,0,DOWN ↓,0.09312987
2022-02-28,0.45600456,0.54399544,0,DOWN ↓,0.08799088
2022-03-01,0.43554,0.56446004,0,DOWN ↓,0.12892002
2022-03-02,0.43823913,0.5617609,0,DOWN ↓,0.123521745
2022-03-03,0.41837454,0.58162546,0,DOWN ↓,0.16325092
2022-03-04,0.4279887,0.5720113,0,DOWN ↓,0.14402258
2022-03-05,0.41706747,0.58293253,0,DOWN ↓,0.16586506
2022-03-06,0.4277121,0.5722879,0,DOWN ↓,0.14457577
2022-03-07,0.4366564,0.56334364,0,DOWN ↓,0.12668723
2022-03-08,0.45749235,0.54250765,0,DOWN ↓,0.0850153
2022-03-09,0.46415573,0.53584427,0,DOWN ↓,0.07168853
2022-03-10,0.47840327,0.5215967,0,DOWN ↓,0.04319346
2022-03-11,0.48174095,0.51825905,0,DOWN ↓,0.036518097
2022-03-12,0.4879507,0.5120493,0,DOWN ↓,0.024098575
2022-03-13,0.49581242,0.5041876,0,DOWN ↓,0.008375168
2022-03-14,0.5258668,0.4741332,1,UP ↑,0.051733613
2022-03-15,0.53547466,0.46452534,1,UP ↑,0.070949316
2022-03-16,0.55429244,0.44570756,1,UP ↑,0.10858488
2022-03-17,0.56266016,0.43733984,1,UP ↑,0.12532032
2022-03-18,0.5873551,0.41264492,1,UP ↑,0.17471015
2022-03-19,0.59405404,0.40594596,1,UP ↑,0.18810809
2022-03-20,0.6148565,0.38514352,1,UP ↑,0.22971296
2022-03-21,0.6366805,0.36331952,1,UP ↑,0.27336097
2022-03-22,0.6473092,0.35269082,1,UP ↑,0.29461837
2022-03-23,0.6511612,0.3488388,1,UP ↑,0.3023224
2022-03-24,0.64711344,0.35288656,1,UP ↑,0.29422688
2022-03-25,0.64125437,0.35874563,1,UP ↑,0.28250873
2022-03-26,0.6240439,0.37595612,1,UP ↑,0.24808776
2022-03-27,0.60968286,0.39031714,1,UP ↑,0.21936572
2022-03-28,0.59139633,0.40860367,1,UP ↑,0.18279266
2022-03-29,0.5615238,0.4384762,1,UP ↑,0.12304759
2022-03-30,0.5330838,0.4669162,1,UP ↑,0.06616759
2022-03-31,0.5172444,0.4827556,1,UP ↑,0.034488797
2022-04-01,0.5132862,0.48671383,1,UP ↑,0.026572347
2022-04-02,0.51306736,0.48693264,1,UP ↑,0.02613473
2022-04-03,0.5047506,0.4952494,1,UP ↑,0.009501219
2022-04-04,0.5035523,0.49644768,1,UP ↑,0.0071046352
2022-04-05,0.48979765,0.51020235,0,DOWN ↓,0.020404696
2022-04-06,0.48869,0.51131,0,DOWN ↓,0.022620022
2022-04-07,0.48337868,0.51662135,0,DOWN ↓,0.033242643
2022-04-08,0.48717976,0.51282024,0,DOWN ↓,0.025640488
2022-04-09,0.47977036,0.52022964,0,DOWN ↓,0.040459275
2022-04-10,0.47581273,0.52418727,0,DOWN ↓,0.048374534
2022-04-11,0.46642563,0.53357434,0,DOWN ↓,0.067148745
2022-04-12,0.4589011,0.5410989,0,DOWN ↓,0.082197785
2022-04-13,0.45326957,0.5467304,0,DOWN ↓,0.09346086
2022-04-14,0.45923948,0.5407605,0,DOWN ↓,0.081521034
2022-04-15,0.45605382,0.54394615,0,DOWN ↓,0.08789235
2022-04-16,0.4543624,0.5456376,0,DOWN ↓,0.091275215
2022-04-17,0.44602045,0.5539795,0,DOWN ↓,0.10795909
2022-04-18,0.44033766,0.55966234,0,DOWN ↓,0.119324684
2022-04-19,0.4257239,0.5742761,0,DOWN ↓,0.14855218
2022-04-20,0.42111397,0.57888603,0,DOWN ↓,0.15777206
2022-04-21,0.418188,0.581812,0,DOWN ↓,0.16362399
2022-04-22,0.4228121,0.5771879,0,DOWN ↓,0.15437579
2022-04-23,0.4242617,0.5757383,0,DOWN ↓,0.15147662
2022-04-24,0.42715958,0.57284045,0,DOWN ↓,0.14568084
2022-04-25,0.4225053,0.57749474,0,DOWN ↓,0.15498942
2022-04-26,0.4186615,0.5813385,0,DOWN ↓,0.16267699
2022-04-27,0.4163817,0.5836183,0,DOWN ↓,0.16723663
2022-04-28,0.4271863,0.5728137,0,DOWN ↓,0.14562738
2022-04-29,0.43550208,0.56449795,0,DOWN ↓,0.12899584
2022-04-30,0.44420186,0.5557982,0,DOWN ↓,0.11159629
2022-05-01,0.44454697,0.55545306,0,DOWN ↓,0.110906065
2022-05-02,0.44611973,0.5538803,0,DOWN ↓,0.10776055
2022-05-03,0.4403553,0.5596447,0,DOWN ↓,0.1192894
2022-05-04,0.4418129,0.5581871,0,DOWN ↓,0.116374195
2022-05-05,0.44485602,0.55514395,0,DOWN ↓,0.110287964
2022-05-06,0.4568219,0.5431781,0,DOWN ↓,0.08635622
2022-05-07,0.46239766,0.5376023,0,DOWN ↓,0.07520467
2022-05-08,0.47430682,0.5256932,0,DOWN ↓,0.051386356
2022-05-09,0.4776526,0.5223474,0,DOWN ↓,0.04469478
2022-05-10,0.49223846,0.50776154,0,DOWN ↓,0.015523076
2022-05-11,0.5036061,0.49639392,1,UP ↑,0.007212162
2022-05-12,0.52584076,0.47415924,1,UP ↑,0.05168152
2022-05-13,0.53816134,0.46183866,1,UP ↑,0.076322675
2022-05-14,0.5582515,0.4417485,1,UP ↑,0.116503
2022-05-15,0.5508356,0.4491644,1,UP ↑,0.10167122
2022-05-16,0.5551671,0.44483292,1,UP ↑,0.11033416
2022-05-17,0.52112365,0.47887635,1,UP ↑,0.042247295
2022-05-18,0.51344115,0.48655885,1,UP ↑,0.02688229
2022-05-19,0.47717163,0.52282834,0,DOWN ↓,0.04565674
2022-05-20,0.46966115,0.5303389,0,DOWN ↓,0.060677707
2022-05-21,0.4471806,0.5528194,0,DOWN ↓,0.1056388
2022-05-22,0.45050144,0.54949856,0,DOWN ↓,0.098997116
2022-05-23,0.45028886,0.5497111,0,DOWN ↓,0.099422276
2022-05-24,0.45755342,0.5424466,0,DOWN ↓,0.08489317
2022-05-25,0.4730846,0.52691543,0,DOWN ↓,0.053830802
2022-05-26,0.46875694,0.5312431,0,DOWN ↓,0.062486112
2022-05-27,0.48500854,0.51499146,0,DOWN ↓,0.029982924
2022-05-28,0.47511753,0.52488244,0,DOWN ↓,0.04976493
2022-05-29,0.48828194,0.51171803,0,DOWN ↓,0.02343613
2022-05-30,0.46503007,0.5349699,0,DOWN ↓,0.06993985
2022-05-31,0.46314088,0.53685915,0,DOWN ↓,0.07371825
2022-06-01,0.4278779,0.5721221,0,DOWN ↓,0.1442442
2022-06-02,0.41928226,0.58071774,0,DOWN ↓,0.16143548
2022-06-03,0.38658702,0.613413,0,DOWN ↓,0.22682595
2022-06-04,0.3714826,0.6285174,0,DOWN ↓,0.25703478
2022-06-05,0.3352688,0.6647312,0,DOWN ↓,0.3294624
2022-06-06,0.3170996,0.6829004,0,DOWN ↓,0.3658008
2022-06-07,0.29320362,0.7067964,0,DOWN ↓,0.41359276
2022-06-08,0.27559897,0.724401,0,DOWN ↓,0.44880205
2022-06-09,0.2515917,0.7484083,0,DOWN ↓,0.49681658
2022-06-10,0.23994449,0.76005554,0,DOWN ↓,0.520111
2022-06-11,0.22067544,0.77932453,0,DOWN ↓,0.5586491
2022-06-12,0.21006273,0.78993726,0,DOWN ↓,0.5798745
2022-06-13,0.20619844,0.79380155,0,DOWN ↓,0.5876031
2022-06-14,0.22680725,0.77319276,0,DOWN ↓,0.5463855
2022-06-15,0.24981692,0.7501831,0,DOWN ↓,0.50036615
2022-06-16,0.29958698,0.700413,0,DOWN ↓,0.40082604
2022-06-17,0.33815408,0.6618459,0,DOWN ↓,0.32369184
2022-06-18,0.39076138,0.6092386,0,DOWN ↓,0.21847725
2022-06-19,0.42601356,0.5739864,0,DOWN ↓,0.14797288
2022-06-20,0.45305455,0.54694545,0,DOWN ↓,0.093890905
2022-06-21,0.45833334,0.5416666,0,DOWN ↓,0.08333331
2022-06-22,0.46734864,0.53265136,0,DOWN ↓,0.06530273
2022-06-23,0.46314004,0.53686,0,DOWN ↓,0.07371992
2022-06-24,0.45540062,0.5445994,0,DOWN ↓,0.08919877
2022-06-25,0.43873626,0.56126374,0,DOWN ↓,0.12252748
2022-06-26,0.41904086,0.58095914,0,DOWN ↓,0.16191828
2022-06-27,0.3921157,0.6078843,0,DOWN ↓,0.21576858
2022-06-28,0.3680772,0.63192284,0,DOWN ↓,0.26384562
2022-06-29,0.35338935,0.6466106,0,DOWN ↓,0.2932213
2022-06-30,0.3489734,0.6510266,0,DOWN ↓,0.3020532
2022-07-01,0.35381138,0.6461886,0,DOWN ↓,0.29237723
2022-07-02,0.3608931,0.63910687,0,DOWN ↓,0.2782138
2022-07-03,0.37113982,0.6288602,0,DOWN ↓,0.25772035
2022-07-04,0.35742176,0.64257824,0,DOWN ↓,0.2851565
2022-07-05,0.35392666,0.64607334,0,DOWN ↓,0.29214668
2022-07-06,0.33767393,0.6623261,0,DOWN ↓,0.32465214
2022-07-07,0.35067293,0.64932704,0,DOWN ↓,0.29865414
2022-07-08,0.35028812,0.64971185,0,DOWN ↓,0.29942375
2022-07-09,0.37571305,0.62428695,0,DOWN ↓,0.2485739
2022-07-10,0.37599656,0.6240034,0,DOWN ↓,0.24800688
2022-07-11,0.38697103,0.613029,0,DOWN ↓,0.22605795
2022-07-12,0.3782352,0.6217648,0,DOWN ↓,0.24352962
2022-07-13,0.38282886,0.61717117,0,DOWN ↓,0.23434228
2022-07-14,0.38143104,0.61856896,0,DOWN ↓,0.23713791
2022-07-15,0.37039456,0.6296054,0,DOWN ↓,0.25921088
2022-07-16,0.35874623,0.64125377,0,DOWN ↓,0.28250754
2022-07-17,0.3499168,0.6500832,0,DOWN ↓,0.30016643
2022-07-18,0.33478162,0.66521835,0,DOWN ↓,0.33043677
2022-07-19,0.32303867,0.6769613,0,DOWN ↓,0.35392267
2022-07-20,0.31745112,0.6825489,0,DOWN ↓,0.36509776
2022-07-21,0.3152364,0.6847636,0,DOWN ↓,0.36952722
2022-07-22,0.31520137,0.6847986,0,DOWN ↓,0.36959726
2022-07-23,0.31579968,0.6842003,0,DOWN ↓,0.36840063
2022-07-24,0.30934304,0.69065696,0,DOWN ↓,0.38131392
2022-07-25,0.29844892,0.7015511,0,DOWN ↓,0.40310216
2022-07-26,0.2961006,0.7038994,0,DOWN ↓,0.40779883
2022-07-27,0.29099938,0.7090006,0,DOWN ↓,0.41800123
2022-07-28,0.29687947,0.7031205,0,DOWN ↓,0.40624106
2022-07-29,0.2967558,0.7032442,0,DOWN ↓,0.40648842
2022-07-30,0.30518064,0.69481933,0,DOWN ↓,0.38963872
2022-07-31,0.3015921,0.6984079,0,DOWN ↓,0.39681578
2022-08-01,0.3024923,0.69750774,0,DOWN ↓,0.39501542
2022-08-02,0.30213583,0.6978642,0,DOWN ↓,0.39572835
2022-08-03,0.31028304,0.68971694,0,DOWN ↓,0.37943393
2022-08-04,0.30752283,0.69247717,0,DOWN ↓,0.38495433
2022-08-05,0.31555897,0.68444103,0,DOWN ↓,0.36888206
2022-08-06,0.3185998,0.6814002,0,DOWN ↓,0.36280042
2022-08-07,0.33443224,0.66556776,0,DOWN ↓,0.3311355
2022-08-08,0.338925,0.661075,0,DOWN ↓,0.32215
2022-08-09,0.35725528,0.6427447,0,DOWN ↓,0.28548944
2022-08-10,0.36910686,0.6308931,0,DOWN ↓,0.26178628
2022-08-11,0.396754,0.603246,0,DOWN ↓,0.206492
2022-08-12,0.4044968,0.5955032,0,DOWN ↓,0.19100642
2022-08-13,0.41885218,0.5811478,0,DOWN ↓,0.16229564
2022-08-14,0.43648443,0.56351554,0,DOWN ↓,0.12703115
2022-08-15,0.44919887,0.55080116,0,DOWN ↓,0.10160226
2022-08-16,0.46526635,0.53473365,0,DOWN ↓,0.069467306
2022-08-17,0.4771343,0.5228657,0,DOWN ↓,0.045731425
2022-08-18,0.4949206,0.5050794,0,DOWN ↓,0.010158777
2022-08-19,0.49616623,0.5038338,0,DOWN ↓,0.0076675415
2022-08-20,0.5023807,0.49761927,1,UP ↑,0.0047614574
2022-08-21,0.5095736,0.49042642,1,UP ↑,0.019147158
2022-08-22,0.5071677,0.4928323,1,UP ↑,0.014335394
2022-08-23,0.51000524,0.48999476,1,UP ↑,0.020010471
2022-08-24,0.5067024,0.49329758,1,UP ↑,0.013404846
2022-08-25,0.512131,0.48786902,1,UP ↑,0.024261951
2022-08-26,0.51197094,0.48802906,1,UP ↑,0.023941875
2022-08-27,0.51260215,0.48739785,1,UP ↑,0.0252043
2022-08-28,0.5141809,0.4858191,1,UP ↑,0.028361797
2022-08-29,0.5125994,0.4874006,1,UP ↑,0.025198817
2022-08-30,0.5137258,0.48627418,1,UP ↑,0.027451634
2022-08-31,0.5110216,0.4889784,1,UP ↑,0.022043228
2022-09-01,0.5100667,0.4899333,1,UP ↑,0.020133376
2022-09-02,0.5102932,0.4897068,1,UP ↑,0.020586371
2022-09-03,0.5104138,0.48958617,1,UP ↑,0.020827651
2022-09-04,0.5154105,0.48458952,1,UP ↑,0.030820966
2022-09-05,0.51370186,0.48629814,1,UP ↑,0.027403712
2022-09-06,0.5110552,0.48894483,1,UP ↑,0.022110343
2022-09-07,0.510473,0.489527,1,UP ↑,0.020946026
2022-09-08,0.50907004,0.49092996,1,UP ↑,0.018140078
2022-09-09,0.5097996,0.4902004,1,UP ↑,0.0195992
2022-09-10,0.5092069,0.4907931,1,UP ↑,0.018413782
2022-09-11,0.51323897,0.48676103,1,UP ↑,0.026477933
2022-09-12,0.5065347,0.4934653,1,UP ↑,0.013069391
2022-09-13,0.50634325,0.49365675,1,UP ↑,0.012686491
2022-09-14,0.49202022,0.50797975,0,DOWN ↓,0.01595956
2022-09-15,0.4917067,0.5082933,0,DOWN ↓,0.016586602
2022-09-16,0.47229606,0.52770394,0,DOWN ↓,0.05540788
2022-09-17,0.4759548,0.5240452,0,DOWN ↓,0.0480904
2022-09-18,0.45861307,0.54138696,0,DOWN ↓,0.082773864
2022-09-19,0.45960712,0.5403929,0,DOWN ↓,0.08078575
2022-09-20,0.43589,0.56411004,0,DOWN ↓,0.12822002
2022-09-21,0.4386072,0.5613928,0,DOWN ↓,0.12278563
2022-09-22,0.42466906,0.575331,0,DOWN ↓,0.15066189
2022-09-23,0.42774025,0.5722598,0,DOWN ↓,0.14451951
2022-09-24,0.41769484,0.5823052,0,DOWN ↓,0.16461033
2022-09-25,0.4251141,0.5748859,0,DOWN ↓,0.14977181
2022-09-26,0.41045126,0.5895487,0,DOWN ↓,0.17909747
2022-09-27,0.4021053,0.59789467,0,DOWN ↓,0.1957894
2022-09-28,0.3655485,0.6344515,0,DOWN ↓,0.26890302
2022-09-29,0.36904198,0.630958,0,DOWN ↓,0.26191604
2022-09-30,0.35864407,0.64135593,0,DOWN ↓,0.28271186
2022-10-01,0.383672,0.616328,0,DOWN ↓,0.232656
2022-10-02,0.3932277,0.6067723,0,DOWN ↓,0.2135446
2022-10-03,0.3799243,0.6200757,0,DOWN ↓,0.2401514
2022-10-04,0.35296106,0.64703894,0,DOWN ↓,0.29407787
2022-10-05,0.33948365,0.6605164,0,DOWN ↓,0.3210327
2022-10-06,0.33386168,0.6661383,0,DOWN ↓,0.33227664
2022-10-07,0.34113902,0.658861,0,DOWN ↓,0.31772196
2022-10-08,0.35211086,0.64788914,0,DOWN ↓,0.29577827
2022-10-09,0.35877115,0.64122885,0,DOWN ↓,0.2824577
2022-10-10,0.35781997,0.64218,0,DOWN ↓,0.28436005
2022-10-11,0.3542335,0.6457665,0,DOWN ↓,0.291533
2022-10-12,0.36077917,0.63922083,0,DOWN ↓,0.27844167
2022-10-13,0.3598103,0.6401897,0,DOWN ↓,0.2803794
2022-10-14,0.36482117,0.6351788,0,DOWN ↓,0.27035767
2022-10-15,0.36577788,0.63422215,0,DOWN ↓,0.26844424
2022-10-16,0.37346622,0.62653375,0,DOWN ↓,0.25306755
2022-10-17,0.37212095,0.627879,0,DOWN ↓,0.2557581
2022-10-18,0.37422797,0.625772,0,DOWN ↓,0.25154406
2022-10-19,0.37095174,0.6290482,0,DOWN ↓,0.25809652
2022-10-20,0.37931925,0.62068075,0,DOWN ↓,0.2413615
2022-10-21,0.38054365,0.61945635,0,DOWN ↓,0.2389127
2022-10-22,0.3914068,0.6085932,0,DOWN ↓,0.21718639
2022-10-23,0.39975518,0.6002448,0,DOWN ↓,0.20048964
2022-10-24,0.41158965,0.5884104,0,DOWN ↓,0.1768207
2022-10-25,0.4070929,0.5929071,0,DOWN ↓,0.1858142
2022-10-26,0.4134241,0.58657587,0,DOWN ↓,0.17315179
2022-10-27,0.3914906,0.6085094,0,DOWN ↓,0.21701878
2022-10-28,0.38068324,0.61931676,0,DOWN ↓,0.23863351
2022-10-29,0.32808548,0.6719145,0,DOWN ↓,0.34382904
2022-10-30,0.31221962,0.6877804,0,DOWN ↓,0.37556076
2022-10-31,0.29641846,0.7035816,0,DOWN ↓,0.40716308
2022-11-01,0.30010787,0.69989216,0,DOWN ↓,0.39978427
2022-11-02,0.2865363,0.71346366,0,DOWN ↓,0.4269274
2022-11-03,0.30128184,0.6987182,0,DOWN ↓,0.39743632
2022-11-04,0.2951851,0.7048149,0,DOWN ↓,0.40962982
2022-11-05,0.31047693,0.6895231,0,DOWN ↓,0.37904614
2022-11-06,0.31410608,0.6858939,0,DOWN ↓,0.37178785
2022-11-07,0.31531143,0.68468857,0,DOWN ↓,0.36937714
2022-11-08,0.2849021,0.7150979,0,DOWN ↓,0.4301958
2022-11-09,0.28140518,0.7185948,0,DOWN ↓,0.43718964
2022-11-10,0.2929933,0.7070067,0,DOWN ↓,0.4140134
2022-11-11,0.30895033,0.6910497,0,DOWN ↓,0.38209933
2022-11-12,0.3248469,0.67515314,0,DOWN ↓,0.3503062
2022-11-13,0.34142107,0.65857893,0,DOWN ↓,0.31715786
2022-11-14,0.33139294,0.66860706,0,DOWN ↓,0.3372141
2022-11-15,0.32771403,0.672286,0,DOWN ↓,0.34457195
2022-11-16,0.32005897,0.67994106,0,DOWN ↓,0.35988206
2022-11-17,0.320639,0.679361,0,DOWN ↓,0.35872197
2022-11-18,0.3101802,0.6898198,0,DOWN ↓,0.37963963
2022-11-19,0.3088587,0.6911413,0,DOWN ↓,0.3822826
2022-11-20,0.30037713,0.69962287,0,DOWN ↓,0.39924574
2022-11-21,0.2994667,0.7005333,0,DOWN ↓,0.4010666
2022-11-22,0.29248324,0.7075168,0,DOWN ↓,0.41503352
2022-11-23,0.2902239,0.7097761,0,DOWN ↓,0.4195522
2022-11-24,0.28344673,0.7165533,0,DOWN ↓,0.43310654
2022-11-25,0.28243425,0.7175658,0,DOWN ↓,0.4351315
2022-11-26,0.2790887,0.72091126,0,DOWN ↓,0.4418226
2022-11-27,0.2876273,0.71237266,0,DOWN ↓,0.42474538
2022-11-28,0.2912378,0.70876217,0,DOWN ↓,0.4175244
2022-11-29,0.29914293,0.70085704,0,DOWN ↓,0.40171415
2022-11-30,0.3012846,0.6987154,0,DOWN ↓,0.39743078
2022-12-01,0.30313984,0.6968602,0,DOWN ↓,0.39372033
2022-12-02,0.29793054,0.70206946,0,DOWN ↓,0.40413892
2022-12-03,0.3025818,0.6974182,0,DOWN ↓,0.39483643
2022-12-04,0.30100137,0.69899863,0,DOWN ↓,0.39799726
2022-12-05,0.30425492,0.6957451,0,DOWN ↓,0.39149016
2022-12-06,0.29956773,0.7004323,0,DOWN ↓,0.40086454
2022-12-07,0.29852664,0.70147336,0,DOWN ↓,0.4029467
2022-12-08,0.29398134,0.7060187,0,DOWN ↓,0.4120373
2022-12-09,0.29111746,0.7088826,0,DOWN ↓,0.41776508
2022-12-10,0.28963324,0.7103667,0,DOWN ↓,0.4207335
2022-12-11,0.29106805,0.7089319,0,DOWN ↓,0.4178639
2022-12-12,0.29300797,0.70699203,0,DOWN ↓,0.41398406
2022-12-13,0.29572317,0.7042768,0,DOWN ↓,0.40855366
2022-12-14,0.28715336,0.71284664,0,DOWN ↓,0.42569327
2022-12-15,0.27746123,0.72253877,0,DOWN ↓,0.44507754
2022-12-16,0.2667695,0.7332305,0,DOWN ↓,0.466461
2022-12-17,0.25981233,0.74018764,0,DOWN ↓,0.48037535
2022-12-18,0.25865322,0.7413468,0,DOWN ↓,0.48269355
2022-12-19,0.25857246,0.74142754,0,DOWN ↓,0.48285508
2022-12-20,0.25924408,0.7407559,0,DOWN ↓,0.48151183
2022-12-21,0.25645772,0.7435423,0,DOWN ↓,0.48708457
2022-12-22,0.25825182,0.7417482,0,DOWN ↓,0.48349637
2022-12-23,0.2574368,0.7425632,0,DOWN ↓,0.48512638
2022-12-24,0.26428714,0.7357129,0,DOWN ↓,0.4714257
2022-12-25,0.27502048,0.7249795,0,DOWN ↓,0.44995904
2022-12-26,0.28707576,0.71292424,0,DOWN ↓,0.42584848
2022-12-27,0.2927585,0.70724154,0,DOWN ↓,0.414483
2022-12-28,0.30001456,0.69998544,0,DOWN ↓,0.3999709
2022-12-29,0.301067,0.698933,0,DOWN ↓,0.397866
2022-12-30,0.30516797,0.694832,0,DOWN ↓,0.38966405
2022-12-31,0.3091007,0.6908993,0,DOWN ↓,0.38179862
2023-01-01,0.33131027,0.6686897,0,DOWN ↓,0.33737946
2023-01-02,0.33522788,0.66477215,0,DOWN ↓,0.32954425
2023-01-03,0.33818945,0.6618105,0,DOWN ↓,0.3236211
2023-01-04,0.3385511,0.6614489,0,DOWN ↓,0.3228978
2023-01-05,0.35400933,0.64599067,0,DOWN ↓,0.29198134
2023-01-06,0.3562179,0.64378214,0,DOWN ↓,0.28756422
2023-01-07,0.38275346,0.6172465,0,DOWN ↓,0.23449308
2023-01-08,0.39630067,0.6036993,0,DOWN ↓,0.20739865
2023-01-09,0.4072183,0.59278166,0,DOWN ↓,0.18556339
2023-01-10,0.3894223,0.6105777,0,DOWN ↓,0.2211554
2023-01-11,0.38985556,0.61014444,0,DOWN ↓,0.22028887
2023-01-12,0.38554084,0.61445916,0,DOWN ↓,0.22891831
2023-01-13,0.40856612,0.5914339,0,DOWN ↓,0.18286777
2023-01-14,0.40648326,0.5935167,0,DOWN ↓,0.18703347
2023-01-15,0.42212036,0.57787967,0,DOWN ↓,0.15575927
2023-01-16,0.420188,0.579812,0,DOWN ↓,0.15962398
2023-01-17,0.41668552,0.5833145,0,DOWN ↓,0.16662896
2023-01-18,0.41237292,0.58762705,0,DOWN ↓,0.17525417
2023-01-19,0.42579526,0.57420474,0,DOWN ↓,0.14840949
2023-01-20,0.43692738,0.5630726,0,DOWN ↓,0.12614524
2023-01-21,0.45820257,0.5417974,0,DOWN ↓,0.08359486
2023-01-22,0.47451863,0.52548134,0,DOWN ↓,0.050962746
2023-01-23,0.46579814,0.53420186,0,DOWN ↓,0.06840372
2023-01-24,0.43548667,0.5645133,0,DOWN ↓,0.12902665
2023-01-25,0.3848426,0.61515737,0,DOWN ↓,0.23031479
2023-01-26,0.33666074,0.66333926,0,DOWN ↓,0.3266785
2023-01-27,0.29473573,0.7052643,0,DOWN ↓,0.41052854
2023-01-28,0.27842948,0.7215705,0,DOWN ↓,0.44314104
2023-01-29,0.2560762,0.7439238,0,DOWN ↓,0.48784763
2023-01-30,0.24834907,0.7516509,0,DOWN ↓,0.50330186
2023-01-31,0.22199509,0.7780049,0,DOWN ↓,0.5560098
2023-02-01,0.21207157,0.78792846,0,DOWN ↓,0.57585686
2023-02-02,0.20141137,0.79858863,0,DOWN ↓,0.59717727
2023-02-03,0.19925347,0.80074656,0,DOWN ↓,0.60149306
2023-02-04,0.19990802,0.800092,0,DOWN ↓,0.60018396
2023-02-05,0.20412816,0.79587185,0,DOWN ↓,0.5917437
2023-02-06,0.21229877,0.78770125,0,DOWN ↓,0.5754025
2023-02-07,0.21617849,0.7838215,0,DOWN ↓,0.56764305
2023-02-08,0.22236526,0.77763474,0,DOWN ↓,0.5552695
2023-02-09,0.22983977,0.7701602,0,DOWN ↓,0.54032046
2023-02-10,0.23267727,0.7673227,0,DOWN ↓,0.53464544
2023-02-11,0.24128202,0.758718,0,DOWN ↓,0.51743597
2023-02-12,0.24649069,0.7535093,0,DOWN ↓,0.5070186
2023-02-13,0.256153,0.743847,0,DOWN ↓,0.48769403
2023-02-14,0.26109654,0.73890346,0,DOWN ↓,0.47780693
2023-02-15,0.2650203,0.7349797,0,DOWN ↓,0.46995938
2023-02-16,0.26395267,0.7360473,0,DOWN ↓,0.47209466
2023-02-17,0.26468915,0.73531085,0,DOWN ↓,0.4706217
2023-02-18,0.2622527,0.7377473,0,DOWN ↓,0.47549462
2023-02-19,0.2574817,0.7425183,0,DOWN ↓,0.4850366
2023-02-20,0.25374737,0.74625266,0,DOWN ↓,0.49250525
2023-02-21,0.25045273,0.74954724,0,DOWN ↓,0.49909455
2023-02-22,0.24688824,0.7531118,0,DOWN ↓,0.50622356
2023-02-23,0.24564733,0.7543527,0,DOWN ↓,0.5087054
2023-02-24,0.2456465,0.7543535,0,DOWN ↓,0.508707
2023-02-25,0.24674366,0.7532563,0,DOWN ↓,0.50651264
2023-02-26,0.24919973,0.75080025,0,DOWN ↓,0.5016005
2023-02-27,0.25085533,0.7491447,0,DOWN ↓,0.49828935
2023-02-28,0.2499641,0.7500359,0,DOWN ↓,0.50007176
2023-03-01,0.24847338,0.7515266,0,DOWN ↓,0.50305325
2023-03-02,0.2554976,0.7445024,0,DOWN ↓,0.4890048
2023-03-03,0.25995916,0.74004084,0,DOWN ↓,0.48008168
2023-03-04,0.2666531,0.73334694,0,DOWN ↓,0.46669382
2023-03-05,0.2715323,0.7284677,0,DOWN ↓,0.4569354
2023-03-06,0.28439677,0.71560323,0,DOWN ↓,0.43120646
2023-03-07,0.29398274,0.70601726,0,DOWN ↓,0.4120345
2023-03-08,0.30887103,0.69112897,0,DOWN ↓,0.38225794
2023-03-09,0.32060108,0.6793989,0,DOWN ↓,0.35879785
2023-03-10,0.33562317,0.66437685,0,DOWN ↓,0.32875365
2023-03-11,0.34412324,0.65587676,0,DOWN ↓,0.3117535
2023-03-12,0.35105577,0.64894426,0,DOWN ↓,0.29788846
2023-03-13,0.3617354,0.6382646,0,DOWN ↓,0.2765292
2023-03-14,0.38113523,0.6188648,0,DOWN ↓,0.23772955
2023-03-15,0.392823,0.607177,0,DOWN ↓,0.21435398
2023-03-16,0.40302652,0.5969735,0,DOWN ↓,0.19394696
2023-03-17,0.40076748,0.59923255,0,DOWN ↓,0.19846505
2023-03-18,0.4032243,0.5967757,0,DOWN ↓,0.19355142
2023-03-19,0.39499968,0.6050003,0,DOWN ↓,0.21000063
2023-03-20,0.39347747,0.60652256,0,DOWN ↓,0.21304506
2023-03-21,0.3855035,0.61449647,0,DOWN ↓,0.228993
2023-03-22,0.38639778,0.6136022,0,DOWN ↓,0.22720444
2023-03-23,0.38456792,0.6154321,0,DOWN ↓,0.23086417
2023-03-24,0.3918133,0.6081867,0,DOWN ↓,0.21637338
2023-03-25,0.39022502,0.60977495,0,DOWN ↓,0.21954995
2023-03-26,0.3931518,0.60684824,0,DOWN ↓,0.21369642
2023-03-27,0.3845935,0.6154065,0,DOWN ↓,0.23081303
2023-03-28,0.37549323,0.6245068,0,DOWN ↓,0.24901354
2023-03-29,0.36524382,0.6347562,0,DOWN ↓,0.26951236
2023-03-30,0.36388487,0.63611513,0,DOWN ↓,0.27223027
2023-03-31,0.36074182,0.63925815,0,DOWN ↓,0.27851635
2023-04-01,0.36444193,0.63555807,0,DOWN ↓,0.27111614
2023-04-02,0.3671507,0.63284934,0,DOWN ↓,0.2656986
2023-04-03,0.37775055,0.6222495,0,DOWN ↓,0.24449891
2023-04-04,0.38218224,0.61781776,0,DOWN ↓,0.23563552
2023-04-05,0.39517167,0.60482836,0,DOWN ↓,0.20965666
2023-04-06,0.4037776,0.5962224,0,DOWN ↓,0.1924448
2023-04-07,0.42067254,0.57932746,0,DOWN ↓,0.15865493
2023-04-08,0.43507186,0.5649282,0,DOWN ↓,0.12985629
2023-04-09,0.44977584,0.5502242,0,DOWN ↓,0.10044831
2023-04-10,0.45752466,0.54247534,0,DOWN ↓,0.084950686
2023-04-11,0.45442525,0.5455748,0,DOWN ↓,0.09114951
2023-04-12,0.42872682,0.5712732,0,DOWN ↓,0.14254636
2023-04-13,0.4028059,0.5971941,0,DOWN ↓,0.19438821
2023-04-14,0.3813512,0.61864877,0,DOWN ↓,0.2372976
2023-04-15,0.37498984,0.62501013,0,DOWN ↓,0.25002033
2023-04-16,0.36780402,0.63219595,0,DOWN ↓,0.26439196
2023-04-17,0.37431073,0.62568927,0,DOWN ↓,0.25137854
2023-04-18,0.36845207,0.6315479,0,DOWN ↓,0.26309586
2023-04-19,0.37089318,0.6291068,0,DOWN ↓,0.25821364
2023-04-20,0.3656196,0.6343804,0,DOWN ↓,0.2687608
2023-04-21,0.36631188,0.6336881,0,DOWN ↓,0.26737624
2023-04-22,0.35822082,0.6417792,0,DOWN ↓,0.28355837
2023-04-23,0.36610588,0.6338941,0,DOWN ↓,0.26778823
2023-04-24,0.36398745,0.63601255,0,DOWN ↓,0.2720251
2023-04-25,0.37398145,0.6260185,0,DOWN ↓,0.2520371
2023-04-26,0.3691694,0.6308306,0,DOWN ↓,0.26166117
2023-04-27,0.37254107,0.62745893,0,DOWN ↓,0.25491786
2023-04-28,0.3621028,0.6378972,0,DOWN ↓,0.2757944
2023-04-29,0.361539,0.638461,0,DOWN ↓,0.276922
2023-04-30,0.35515228,0.64484775,0,DOWN ↓,0.28969544
2023-05-01,0.34867015,0.6513299,0,DOWN ↓,0.3026597
2023-05-02,0.34012258,0.6598774,0,DOWN ↓,0.31975484
2023-05-03,0.33487087,0.6651291,0,DOWN ↓,0.33025825
2023-05-04,0.32673407,0.67326593,0,DOWN ↓,0.34653187
2023-05-05,0.32372695,0.67627305,0,DOWN ↓,0.3525461
2023-05-06,0.31781825,0.6821817,0,DOWN ↓,0.3643635
2023-05-07,0.31249174,0.6875082,0,DOWN ↓,0.3750165
2023-05-08,0.3043421,0.6956579,0,DOWN ↓,0.39131582
2023-05-09,0.3057276,0.6942724,0,DOWN ↓,0.3885448
2023-05-10,0.3102628,0.6897372,0,DOWN ↓,0.3794744
2023-05-11,0.3193474,0.6806526,0,DOWN ↓,0.36130518
2023-05-12,0.33045992,0.66954005,0,DOWN ↓,0.33908015
2023-05-13,0.3479425,0.6520575,0,DOWN ↓,0.304115
2023-05-14,0.36966145,0.63033855,0,DOWN ↓,0.2606771
2023-05-15,0.3949316,0.6050684,0,DOWN ↓,0.21013677
2023-05-16,0.41092223,0.5890778,0,DOWN ↓,0.17815554
2023-05-17,0.43120557,0.5687944,0,DOWN ↓,0.13758886
2023-05-18,0.4439178,0.5560822,0,DOWN ↓,0.11216438
2023-05-19,0.45583302,0.544167,0,DOWN ↓,0.088333964
2023-05-20,0.4633592,0.53664076,0,DOWN ↓,0.073281586
2023-05-21,0.46957207,0.53042793,0,DOWN ↓,0.060855865
2023-05-22,0.47407627,0.5259237,0,DOWN ↓,0.051847458
2023-05-23,0.47464746,0.52535254,0,DOWN ↓,0.050705075
2023-05-24,0.47485566,0.52514434,0,DOWN ↓,0.050288677
2023-05-25,0.47234136,0.52765864,0,DOWN ↓,0.055317283
2023-05-26,0.46955818,0.5304418,0,DOWN ↓,0.06088364
2023-05-27,0.46638784,0.53361213,0,DOWN ↓,0.067224324
2023-05-28,0.4644717,0.5355283,0,DOWN ↓,0.071056604
2023-05-29,0.4619651,0.5380349,0,DOWN ↓,0.07606977
2023-05-30,0.46130633,0.53869367,0,DOWN ↓,0.07738733
2023-05-31,0.45892328,0.5410767,0,DOWN ↓,0.08215344
2023-06-01,0.46016207,0.53983796,0,DOWN ↓,0.07967585
2023-06-02,0.4594866,0.5405134,0,DOWN ↓,0.08102679
2023-06-03,0.46196774,0.5380323,0,DOWN ↓,0.07606453
2023-06-04,0.46550015,0.5344999,0,DOWN ↓,0.06899971
2023-06-05,0.46955073,0.5304493,0,DOWN ↓,0.060898542
2023-06-06,0.47354195,0.526458,0,DOWN ↓,0.05291611
2023-06-07,0.479899,0.520101,0,DOWN ↓,0.04020202
2023-06-08,0.48450002,0.51549995,0,DOWN ↓,0.030999959
2023-06-09,0.4942745,0.5057255,0,DOWN ↓,0.011451006
2023-06-10,0.5038171,0.49618292,1,UP ↑,0.007634163
2023-06-11,0.51539224,0.48460776,1,UP ↑,0.030784488
2023-06-12,0.521834,0.47816598,1,UP ↑,0.04366803
2023-06-13,0.5289498,0.4710502,1,UP ↑,0.057899594
2023-06-14,0.5319375,0.46806252,1,UP ↑,0.06387496
2023-06-15,0.53750384,0.46249616,1,UP ↑,0.07500768
2023-06-16,0.5407919,0.45920807,1,UP ↑,0.08158386
2023-06-17,0.5434526,0.45654738,1,UP ↑,0.08690524
2023-06-18,0.5450725,0.4549275,1,UP ↑,0.09014499
2023-06-19,0.5470346,0.45296538,1,UP ↑,0.09406924
2023-06-20,0.5457653,0.45423472,1,UP ↑,0.09153056
2023-06-21,0.5432438,0.45675617,1,UP ↑,0.08648765
2023-06-22,0.5405442,0.4594558,1,UP ↑,0.081088424
2023-06-23,0.537747,0.46225297,1,UP ↑,0.07549405
2023-06-24,0.53330195,0.46669805,1,UP ↑,0.0666039
2023-06-25,0.53014433,0.46985567,1,UP ↑,0.060288668
2023-06-26,0.52393746,0.47606254,1,UP ↑,0.047874928
2023-06-27,0.51813245,0.48186755,1,UP ↑,0.036264896
2023-06-28,0.50626874,0.49373126,1,UP ↑,0.012537479
2023-06-29,0.49014235,0.50985765,0,DOWN ↓,0.01971531
2023-06-30,0.47562534,0.52437466,0,DOWN ↓,0.048749328
2023-07-01,0.46831033,0.53168964,0,DOWN ↓,0.06337935
2023-07-02,0.45811197,0.541888,0,DOWN ↓,0.08377606
2023-07-03,0.44937524,0.5506247,0,DOWN ↓,0.101249516
2023-07-04,0.44506058,0.5549394,0,DOWN ↓,0.10987884
2023-07-05,0.44862947,0.5513705,0,DOWN ↓,0.10274106
2023-07-06,0.44826543,0.55173457,0,DOWN ↓,0.10346913
2023-07-07,0.44740397,0.55259603,0,DOWN ↓,0.105192065
2023-07-08,0.4471041,0.5528959,0,DOWN ↓,0.10579181
2023-07-09,0.4444814,0.5555186,0,DOWN ↓,0.111037195
2023-07-10,0.443263,0.556737,0,DOWN ↓,0.11347401
2023-07-11,0.44178137,0.5582186,0,DOWN ↓,0.11643726
2023-07-12,0.43953434,0.5604657,0,DOWN ↓,0.12093133
2023-07-13,0.43942368,0.5605763,0,DOWN ↓,0.12115264
2023-07-14,0.43900022,0.56099975,0,DOWN ↓,0.12199956
2023-07-15,0.44154084,0.55845916,0,DOWN ↓,0.116918325
2023-07-16,0.44317606,0.55682397,0,DOWN ↓,0.11364788
2023-07-17,0.4429888,0.5570112,0,DOWN ↓,0.114022374
2023-07-18,0.4397923,0.5602077,0,DOWN ↓,0.12041539
2023-07-19,0.43887773,0.5611223,0,DOWN ↓,0.12224454
2023-07-20,0.43961415,0.5603858,0,DOWN ↓,0.120771706
2023-07-21,0.4433126,0.5566874,0,DOWN ↓,0.11337483
2023-07-22,0.44653276,0.5534673,0,DOWN ↓,0.10693449
2023-07-23,0.4546651,0.54533494,0,DOWN ↓,0.09066981
2023-07-24,0.4613763,0.5386237,0,DOWN ↓,0.07724738
2023-07-25,0.46911472,0.5308853,0,DOWN ↓,0.06177056
2023-07-26,0.47779083,0.52220917,0,DOWN ↓,0.044418335
2023-07-27,0.48383582,0.5161642,0,DOWN ↓,0.032328367
2023-07-28,0.49942786,0.50057214,0,DOWN ↓,0.00114429
2023-07-29,0.50362355,0.49637645,1,UP ↑,0.0072470903
2023-07-30,0.51433796,0.48566204,1,UP ↑,0.028675914
2023-07-31,0.518705,0.481295,1,UP ↑,0.03741002
2023-08-01,0.52335685,0.47664315,1,UP ↑,0.04671371
2023-08-02,0.5288848,0.47111517,1,UP ↑,0.057769656
2023-08-03,0.53095084,0.46904916,1,UP ↑,0.06190169
2023-08-04,0.53065073,0.46934927,1,UP ↑,0.06130147
2023-08-05,0.52797574,0.47202426,1,UP ↑,0.055951476
2023-08-06,0.52193654,0.47806346,1,UP ↑,0.04387307
2023-08-07,0.5152726,0.48472738,1,UP ↑,0.030545235
2023-08-08,0.5125584,0.4874416,1,UP ↑,0.025116801
2023-08-09,0.50929576,0.49070424,1,UP ↑,0.018591523
2023-08-10,0.5070083,0.4929917,1,UP ↑,0.014016628
2023-08-11,0.5047786,0.49522138,1,UP ↑,0.009557247
2023-08-12,0.49798608,0.5020139,0,DOWN ↓,0.0040278435
2023-08-13,0.49078932,0.5092107,0,DOWN ↓,0.018421352
2023-08-14,0.48378125,0.5162188,0,DOWN ↓,0.032437503
2023-08-15,0.48179445,0.5182055,0,DOWN ↓,0.036411107
2023-08-16,0.4758719,0.5241281,0,DOWN ↓,0.04825622
2023-08-17,0.4727465,0.5272535,0,DOWN ↓,0.054507017
2023-08-18,0.47520655,0.52479345,0,DOWN ↓,0.049586892
2023-08-19,0.4691524,0.5308476,0,DOWN ↓,0.061695218
2023-08-20,0.4608196,0.5391804,0,DOWN ↓,0.078360796
2023-08-21,0.45433363,0.54566634,0,DOWN ↓,0.09133273
2023-08-22,0.45335978,0.5466402,0,DOWN ↓,0.093280435
2023-08-23,0.45050517,0.54949486,0,DOWN ↓,0.098989666
2023-08-24,0.4482109,0.5517891,0,DOWN ↓,0.10357821
2023-08-25,0.44490182,0.5550982,0,DOWN ↓,0.11019635
2023-08-26,0.4391927,0.5608073,0,DOWN ↓,0.121614575
2023-08-27,0.4314226,0.5685774,0,DOWN ↓,0.13715482
2023-08-28,0.43042848,0.5695715,0,DOWN ↓,0.13914305
2023-08-29,0.43945473,0.56054527,0,DOWN ↓,0.12109053
2023-08-30,0.44805482,0.5519452,0,DOWN ↓,0.10389036
2023-08-31,0.44778663,0.5522134,0,DOWN ↓,0.10442674
2023-09-01,0.44711655,0.55288345,0,DOWN ↓,0.10576689
2023-09-02,0.4449491,0.5550509,0,DOWN ↓,0.11010182
2023-09-03,0.4471277,0.5528723,0,DOWN ↓,0.1057446
2023-09-04,0.44992587,0.5500741,0,DOWN ↓,0.10014826
2023-09-05,0.4635611,0.53643894,0,DOWN ↓,0.072877824
2023-09-06,0.46393996,0.53606004,0,DOWN ↓,0.07212007
2023-09-07,0.46576804,0.53423196,0,DOWN ↓,0.06846392
2023-09-08,0.45784435,0.5421556,0,DOWN ↓,0.08431131
2023-09-09,0.4566745,0.54332554,0,DOWN ↓,0.08665103
2023-09-10,0.44587672,0.5541233,0,DOWN ↓,0.108246565
2023-09-11,0.4513405,0.5486595,0,DOWN ↓,0.09731901
2023-09-12,0.45265964,0.5473404,0,DOWN ↓,0.09468073
2023-09-13,0.45633584,0.54366416,0,DOWN ↓,0.087328315
2023-09-14,0.45581496,0.54418504,0,DOWN ↓,0.088370085
2023-09-15,0.4584786,0.54152143,0,DOWN ↓,0.0830428
2023-09-16,0.4560805,0.5439195,0,DOWN ↓,0.08783901
2023-09-17,0.44959748,0.5504025,0,DOWN ↓,0.100805044
2023-09-18,0.43909833,0.56090164,0,DOWN ↓,0.12180334
2023-09-19,0.44582406,0.554176,0,DOWN ↓,0.108351886
2023-09-20,0.44731334,0.5526867,0,DOWN ↓,0.10537332
2023-09-21,0.44469553,0.55530447,0,DOWN ↓,0.110608935
2023-09-22,0.43419632,0.56580365,0,DOWN ↓,0.13160735
2023-09-23,0.42048377,0.57951623,0,DOWN ↓,0.15903246
2023-09-24,0.40799603,0.59200394,0,DOWN ↓,0.18400794
2023-09-25,0.40982357,0.59017646,0,DOWN ↓,0.18035287
2023-09-26,0.4171177,0.5828823,0,DOWN ↓,0.16576457
2023-09-27,0.42053214,0.5794679,0,DOWN ↓,0.15893573
2023-09-28,0.40932173,0.5906783,0,DOWN ↓,0.18135655
2023-09-29,0.39814693,0.6018531,0,DOWN ↓,0.20370615
2023-09-30,0.38911077,0.6108892,0,DOWN ↓,0.22177845
2023-10-01,0.3832994,0.6167006,0,DOWN ↓,0.23340118
2023-10-02,0.38103095,0.6189691,0,DOWN ↓,0.2379381
2023-10-03,0.38609594,0.61390406,0,DOWN ↓,0.22780812
2023-10-04,0.39160904,0.6083909,0,DOWN ↓,0.21678191
2023-10-05,0.40368676,0.59631324,0,DOWN ↓,0.19262648
2023-10-06,0.4186309,0.5813691,0,DOWN ↓,0.1627382
2023-10-07,0.43802208,0.5619779,0,DOWN ↓,0.123955846
2023-10-08,0.45309818,0.5469018,0,DOWN ↓,0.093803644
2023-10-09,0.48217827,0.5178217,0,DOWN ↓,0.03564346
2023-10-10,0.50734574,0.49265426,1,UP ↑,0.014691472
2023-10-11,0.52785707,0.47214293,1,UP ↑,0.05571413
2023-10-12,0.543977,0.45602298,1,UP ↑,0.087954044
2023-10-13,0.55865663,0.44134337,1,UP ↑,0.117313266
2023-10-14,0.5718798,0.4281202,1,UP ↑,0.14375961
2023-10-15,0.58377874,0.41622126,1,UP ↑,0.16755748
2023-10-16,0.5954421,0.40455788,1,UP ↑,0.19088423
2023-10-17,0.6078969,0.39210308,1,UP ↑,0.21579385
2023-10-18,0.6183177,0.38168228,1,UP ↑,0.23663545
2023-10-19,0.6257302,0.37426978,1,UP ↑,0.25146043
2023-10-20,0.6331689,0.36683112,1,UP ↑,0.26633775
2023-10-21,0.6332869,0.3667131,1,UP ↑,0.2665738
2023-10-22,0.6388077,0.3611923,1,UP ↑,0.27761543
2023-10-23,0.63322085,0.36677915,1,UP ↑,0.2664417
2023-10-24,0.6246258,0.3753742,1,UP ↑,0.2492516
2023-10-25,0.59860617,0.40139383,1,UP ↑,0.19721234
2023-10-26,0.57863337,0.42136663,1,UP ↑,0.15726674
2023-10-27,0.54753363,0.45246637,1,UP ↑,0.09506726
2023-10-28,0.53572243,0.46427757,1,UP ↑,0.07144487
2023-10-29,0.51180446,0.48819554,1,UP ↑,0.023608923
2023-10-30,0.50149095,0.49850905,1,UP ↑,0.0029819012
2023-10-31,0.4846229,0.5153771,0,DOWN ↓,0.030754209
2023-11-01,0.48078737,0.5192126,0,DOWN ↓,0.038425267
2023-11-02,0.47231457,0.5276854,0,DOWN ↓,0.055370867
2023-11-03,0.46908903,0.53091097,0,DOWN ↓,0.061821938
2023-11-04,0.4626085,0.53739154,0,DOWN ↓,0.07478303
2023-11-05,0.46215916,0.53784084,0,DOWN ↓,0.07568169
2023-11-06,0.45710158,0.5428984,0,DOWN ↓,0.08579683
2023-11-07,0.45671117,0.5432888,0,DOWN ↓,0.086577654
2023-11-08,0.45212758,0.5478724,0,DOWN ↓,0.09574485
2023-11-09,0.45211735,0.5478827,0,DOWN ↓,0.09576529
2023-11-10,0.44363666,0.55636334,0,DOWN ↓,0.11272669
2023-11-11,0.44485837,0.5551416,0,DOWN ↓,0.110283256
2023-11-12,0.44585237,0.5541476,0,DOWN ↓,0.10829526
2023-11-13,0.4470292,0.55297077,0,DOWN ↓,0.10594159
2023-11-14,0.449255,0.550745,0,DOWN ↓,0.10149002
2023-11-15,0.45669582,0.5433042,0,DOWN ↓,0.08660835
2023-11-16,0.46323705,0.53676295,0,DOWN ↓,0.073525906
2023-11-17,0.47488162,0.52511835,0,DOWN ↓,0.05023676
2023-11-18,0.48760334,0.5123967,0,DOWN ↓,0.024793327
2023-11-19,0.5085863,0.4914137,1,UP ↑,0.017172575
2023-11-20,0.52326536,0.47673464,1,UP ↑,0.046530724
2023-11-21,0.537959,0.46204102,1,UP ↑,0.07591796
2023-11-22,0.54697084,0.45302916,1,UP ↑,0.09394169
2023-11-23,0.5546247,0.44537532,1,UP ↑,0.10924935
2023-11-24,0.5612544,0.43874562,1,UP ↑,0.122508764
2023-11-25,0.56699294,0.43300706,1,UP ↑,0.13398588
2023-11-26,0.573829,0.426171,1,UP ↑,0.14765799
2023-11-27,0.5770257,0.4229743,1,UP ↑,0.15405142
2023-11-28,0.5772781,0.42272192,1,UP ↑,0.15455616
2023-11-29,0.5772073,0.42279267,1,UP ↑,0.15441465
2023-11-30,0.57460165,0.42539835,1,UP ↑,0.1492033
2023-12-01,0.5748453,0.4251547,1,UP ↑,0.14969063
2023-12-02,0.57199866,0.42800134,1,UP ↑,0.14399731
2023-12-03,0.57299083,0.42700917,1,UP ↑,0.14598167
2023-12-04,0.5718856,0.4281144,1,UP ↑,0.14377117
2023-12-05,0.5684198,0.4315802,1,UP ↑,0.13683963
2023-12-06,0.5626423,0.43735772,1,UP ↑,0.12528455
2023-12-07,0.55971426,0.44028574,1,UP ↑,0.119428515
2023-12-08,0.55632824,0.44367176,1,UP ↑,0.112656474
2023-12-09,0.5567773,0.4432227,1,UP ↑,0.1135546
2023-12-10,0.556644,0.44335598,1,UP ↑,0.113288045
2023-12-11,0.5572642,0.4427358,1,UP ↑,0.11452842
2023-12-12,0.5538945,0.44610548,1,UP ↑,0.10778904
2023-12-13,0.55394197,0.44605803,1,UP ↑,0.10788393
2023-12-14,0.5482045,0.45179552,1,UP ↑,0.09640896
2023-12-15,0.5463926,0.45360738,1,UP ↑,0.09278524
2023-12-16,0.54527885,0.45472115,1,UP ↑,0.090557694
2023-12-17,0.5483858,0.4516142,1,UP ↑,0.0967716
2023-12-18,0.551215,0.448785,1,UP ↑,0.102429986
2023-12-19,0.55369616,0.44630384,1,UP ↑,0.10739231
2023-12-20,0.5554032,0.44459683,1,UP ↑,0.110806346
2023-12-21,0.55677795,0.44322205,1,UP ↑,0.11355591
2023-12-22,0.5590986,0.4409014,1,UP ↑,0.1181972
2023-12-23,0.5622222,0.43777782,1,UP ↑,0.124444366
2023-12-24,0.56484854,0.43515146,1,UP ↑,0.12969708
2023-12-25,0.5685444,0.4314556,1,UP ↑,0.13708878
2023-12-26,0.5690878,0.4309122,1,UP ↑,0.1381756
2023-12-27,0.56875783,0.43124217,1,UP ↑,0.13751566
2023-12-28,0.5650208,0.4349792,1,UP ↑,0.1300416
2023-12-29,0.563058,0.43694198,1,UP ↑,0.12611604
2023-12-30,0.5591147,0.4408853,1,UP ↑,0.11822939
2023-12-31,0.55915457,0.44084543,1,UP ↑,0.11830914
2024-01-01,0.5587218,0.44127822,1,UP ↑,0.11744356
2024-01-02,0.5608679,0.4391321,1,UP ↑,0.12173581
2024-01-03,0.55613804,0.44386196,1,UP ↑,0.11227608
2024-01-04,0.5530497,0.44695032,1,UP ↑,0.10609937
2024-01-05,0.546831,0.453169,1,UP ↑,0.09366202
2024-01-06,0.5460415,0.4539585,1,UP ↑,0.09208298
2024-01-07,0.5421554,0.45784461,1,UP ↑,0.08431077
2024-01-08,0.5396266,0.4603734,1,UP ↑,0.0792532
2024-01-09,0.5351129,0.46488708,1,UP ↑,0.070225835
2024-01-10,0.5307048,0.4692952,1,UP ↑,0.061409593
2024-01-11,0.52542037,0.47457963,1,UP ↑,0.050840735
2024-01-12,0.5241585,0.47584152,1,UP ↑,0.048316956
2024-01-13,0.52210724,0.47789276,1,UP ↑,0.044214487
2024-01-14,0.5247931,0.4752069,1,UP ↑,0.049586177
2024-01-15,0.52284205,0.47715795,1,UP ↑,0.0456841
2024-01-16,0.52348655,0.47651345,1,UP ↑,0.04697311
2024-01-17,0.521712,0.478288,1,UP ↑,0.04342401
2024-01-18,0.52750486,0.47249514,1,UP ↑,0.055009723
2024-01-19,0.52781683,0.47218317,1,UP ↑,0.055633664
2024-01-20,0.53309375,0.46690625,1,UP ↑,0.0661875
2024-01-21,0.53589547,0.46410453,1,UP ↑,0.07179093
2024-01-22,0.5422828,0.45771718,1,UP ↑,0.08456564
2024-01-23,0.5442864,0.45571363,1,UP ↑,0.08857274
2024-01-24,0.549634,0.45036602,1,UP ↑,0.09926796
2024-01-25,0.55241716,0.44758284,1,UP ↑,0.10483432
2024-01-26,0.5628481,0.4371519,1,UP ↑,0.12569618
2024-01-27,0.566525,0.43347502,1,UP ↑,0.13304996
2024-01-28,0.5739728,0.42602718,1,UP ↑,0.14794564
2024-01-29,0.5763083,0.4236917,1,UP ↑,0.15261662
2024-01-30,0.5805405,0.41945952,1,UP ↑,0.16108096
2024-01-31,0.58114296,0.41885704,1,UP ↑,0.16228592
2024-02-01,0.58061695,0.41938305,1,UP ↑,0.1612339
2024-02-02,0.5817119,0.4182881,1,UP ↑,0.16342378
2024-02-03,0.5846754,0.41532463,1,UP ↑,0.16935074
2024-02-04,0.5889123,0.4110877,1,UP ↑,0.17782462
2024-02-05,0.59474796,0.40525204,1,UP ↑,0.18949592
2024-02-06,0.59880394,0.40119606,1,UP ↑,0.19760787
2024-02-07,0.6044822,0.39551783,1,UP ↑,0.20896435
2024-02-08,0.6087822,0.39121783,1,UP ↑,0.21756434
2024-02-09,0.6107667,0.3892333,1,UP ↑,0.22153342
2024-02-10,0.6110802,0.38891977,1,UP ↑,0.22216046
2024-02-11,0.61252135,0.38747865,1,UP ↑,0.2250427
2024-02-12,0.6131542,0.38684583,1,UP ↑,0.22630835
2024-02-13,0.610596,0.389404,1,UP ↑,0.221192
2024-02-14,0.609012,0.390988,1,UP ↑,0.21802402
2024-02-15,0.60646236,0.39353764,1,UP ↑,0.21292472
2024-02-16,0.6016137,0.3983863,1,UP ↑,0.2032274
2024-02-17,0.60022175,0.39977825,1,UP ↑,0.2004435
2024-02-18,0.5989267,0.40107328,1,UP ↑,0.19785345
2024-02-19,0.59979194,0.40020806,1,UP ↑,0.19958389
2024-02-20,0.5959837,0.40401632,1,UP ↑,0.19196737
2024-02-21,0.5937141,0.40628588,1,UP ↑,0.18742824
2024-02-22,0.59280795,0.40719205,1,UP ↑,0.1856159
2024-02-23,0.5922489,0.40775108,1,UP ↑,0.18449783
2024-02-24,0.5923701,0.4076299,1,UP ↑,0.18474019
2024-02-25,0.59683895,0.40316105,1,UP ↑,0.1936779
2024-02-26,0.59924304,0.40075696,1,UP ↑,0.19848609
2024-02-27,0.6040607,0.3959393,1,UP ↑,0.20812142
2024-02-28,0.6063577,0.3936423,1,UP ↑,0.21271539
2024-02-29,0.6073907,0.3926093,1,UP ↑,0.2147814
2024-03-01,0.61193806,0.38806194,1,UP ↑,0.22387612
2024-03-02,0.6139947,0.38600528,1,UP ↑,0.22798944
2024-03-03,0.61660415,0.38339585,1,UP ↑,0.2332083
2024-03-04,0.6205236,0.37947643,1,UP ↑,0.24104714
2024-03-05,0.6274958,0.37250417,1,UP ↑,0.25499165
2024-03-06,0.62814057,0.37185943,1,UP ↑,0.25628114
2024-03-07,0.62744856,0.37255144,1,UP ↑,0.25489712
2024-03-08,0.62468386,0.37531614,1,UP ↑,0.24936771
2024-03-09,0.6176831,0.3823169,1,UP ↑,0.23536623
2024-03-10,0.6134126,0.38658738,1,UP ↑,0.22682524
2024-03-11,0.6109185,0.38908148,1,UP ↑,0.22183704
2024-03-12,0.6059411,0.39405888,1,UP ↑,0.21188223
2024-03-13,0.6030849,0.39691508,1,UP ↑,0.20616984
2024-03-14,0.59936315,0.40063685,1,UP ↑,0.1987263
2024-03-15,0.59341544,0.40658456,1,UP ↑,0.18683088
2024-03-16,0.5863003,0.4136997,1,UP ↑,0.17260063
2024-03-17,0.5788648,0.4211352,1,UP ↑,0.15772963
2024-03-18,0.5738308,0.42616922,1,UP ↑,0.14766157
2024-03-19,0.5730426,0.42695743,1,UP ↑,0.14608514
2024-03-20,0.5631173,0.43688267,1,UP ↑,0.12623465
2024-03-21,0.5636162,0.43638378,1,UP ↑,0.12723243
2024-03-22,0.5550438,0.44495618,1,UP ↑,0.11008763
2024-03-23,0.55896825,0.44103175,1,UP ↑,0.11793649
2024-03-24,0.5522957,0.44770432,1,UP ↑,0.10459137
2024-03-25,0.55342495,0.44657505,1,UP ↑,0.10684991
2024-03-26,0.5438274,0.4561726,1,UP ↑,0.08765483
2024-03-27,0.541459,0.45854098,1,UP ↑,0.08291805
2024-03-28,0.53220445,0.46779555,1,UP ↑,0.0644089
2024-03-29,0.5364588,0.4635412,1,UP ↑,0.07291758
2024-03-30,0.5387628,0.4612372,1,UP ↑,0.077525616
2024-03-31,0.5468061,0.4531939,1,UP ↑,0.093612194
2024-04-01,0.54924536,0.45075464,1,UP ↑,0.098490715
2024-04-02,0.5539703,0.44602972,1,UP ↑,0.107940555
2024-04-03,0.5602354,0.43976462,1,UP ↑,0.12047076
2024-04-04,0.5691745,0.43082547,1,UP ↑,0.13834906
2024-04-05,0.58116686,0.41883314,1,UP ↑,0.16233373
2024-04-06,0.5865714,0.4134286,1,UP ↑,0.17314279
2024-04-07,0.59453726,0.40546274,1,UP ↑,0.18907452
2024-04-08,0.595043,0.404957,1,UP ↑,0.190086
2024-04-09,0.5991289,0.4008711,1,UP ↑,0.1982578
2024-04-10,0.6015152,0.39848483,1,UP ↑,0.20303035
2024-04-11,0.6045821,0.39541793,1,UP ↑,0.20916414
2024-04-12,0.60747504,0.39252496,1,UP ↑,0.21495008
2024-04-13,0.6124354,0.3875646,1,UP ↑,0.2248708
2024-04-14,0.61748624,0.38251376,1,UP ↑,0.23497248
2024-04-15,0.6222649,0.37773508,1,UP ↑,0.24452984
2024-04-16,0.626816,0.37318403,1,UP ↑,0.25363195
2024-04-17,0.6283006,0.3716994,1,UP ↑,0.2566012
2024-04-18,0.63123304,0.36876696,1,UP ↑,0.26246607
2024-04-19,0.6330399,0.3669601,1,UP ↑,0.26607978
2024-04-20,0.6299909,0.37000912,1,UP ↑,0.25998175
2024-04-21,0.6245659,0.3754341,1,UP ↑,0.2491318
2024-04-22,0.61914104,0.38085896,1,UP ↑,0.23828208
2024-04-23,0.62336004,0.37663996,1,UP ↑,0.24672008
2024-04-24,0.6180907,0.3819093,1,UP ↑,0.23618138
2024-04-25,0.620228,0.379772,1,UP ↑,0.24045599
2024-04-26,0.6174127,0.3825873,1,UP ↑,0.23482537
2024-04-27,0.61763287,0.38236713,1,UP ↑,0.23526573
2024-04-28,0.6132413,0.3867587,1,UP ↑,0.22648263
2024-04-29,0.60755944,0.39244056,1,UP ↑,0.21511889
2024-04-30,0.60080224,0.39919776,1,UP ↑,0.20160449
2024-05-01,0.59034824,0.40965176,1,UP ↑,0.18069649
2024-05-02,0.57701916,0.42298084,1,UP ↑,0.15403831
2024-05-03,0.56537586,0.43462414,1,UP ↑,0.13075173
2024-05-04,0.551323,0.448677,1,UP ↑,0.10264599
2024-05-05,0.5414226,0.4585774,1,UP ↑,0.08284521
2024-05-06,0.5331943,0.4668057,1,UP ↑,0.06638861
2024-05-07,0.53035843,0.46964157,1,UP ↑,0.060716867
2024-05-08,0.52330273,0.47669727,1,UP ↑,0.046605468
2024-05-09,0.52190083,0.47809917,1,UP ↑,0.043801665
2024-05-10,0.51845074,0.48154926,1,UP ↑,0.036901474
2024-05-11,0.5171017,0.4828983,1,UP ↑,0.03420341
2024-05-12,0.5152316,0.4847684,1,UP ↑,0.030463219
2024-05-13,0.5173074,0.4826926,1,UP ↑,0.0346148
2024-05-14,0.51485777,0.48514223,1,UP ↑,0.029715538
2024-05-15,0.5162445,0.48375553,1,UP ↑,0.032488942
2024-05-16,0.5122721,0.48772788,1,UP ↑,0.024544239
2024-05-17,0.51185656,0.48814344,1,UP ↑,0.023713112
2024-05-18,0.5091785,0.49082148,1,UP ↑,0.018357038
2024-05-19,0.51472914,0.48527086,1,UP ↑,0.029458284
2024-05-20,0.5163596,0.48364037,1,UP ↑,0.032719254
2024-05-21,0.52017426,0.47982574,1,UP ↑,0.04034853
2024-05-22,0.5199156,0.48008442,1,UP ↑,0.03983116
2024-05-23,0.5240811,0.4759189,1,UP ↑,0.048162222
2024-05-24,0.5241983,0.4758017,1,UP ↑,0.048396587
2024-05-25,0.5277668,0.47223318,1,UP ↑,0.055533648
2024-05-26,0.53003293,0.46996707,1,UP ↑,0.060065866
2024-05-27,0.5358309,0.46416909,1,UP ↑,0.07166183
2024-05-28,0.53455687,0.46544313,1,UP ↑,0.06911373
2024-05-29,0.53666145,0.46333855,1,UP ↑,0.07332289
2024-05-30,0.5332042,0.4667958,1,UP ↑,0.066408396
2024-05-31,0.5353757,0.4646243,1,UP ↑,0.07075143
2024-06-01,0.533837,0.46616298,1,UP ↑,0.06767404
2024-06-02,0.53966033,0.46033967,1,UP ↑,0.07932067
2024-06-03,0.54234433,0.45765567,1,UP ↑,0.08468866
2024-06-04,0.54766077,0.45233923,1,UP ↑,0.095321536
2024-06-05,0.54537964,0.45462036,1,UP ↑,0.09075928
2024-06-06,0.54423636,0.45576364,1,UP ↑,0.088472724
2024-06-07,0.54088056,0.45911944,1,UP ↑,0.08176112
2024-06-08,0.5394221,0.4605779,1,UP ↑,0.07884419
2024-06-09,0.54375196,0.45624804,1,UP ↑,0.08750391
2024-06-10,0.5501326,0.44986743,1,UP ↑,0.100265145
2024-06-11,0.554255,0.445745,1,UP ↑,0.10851002
2024-06-12,0.5522699,0.44773012,1,UP ↑,0.10453975
2024-06-13,0.5505011,0.4494989,1,UP ↑,0.10100222
2024-06-14,0.54700494,0.45299506,1,UP ↑,0.094009876
2024-06-15,0.54498816,0.45501184,1,UP ↑,0.08997631
2024-06-16,0.5439367,0.45606327,1,UP ↑,0.08787346
2024-06-17,0.5433926,0.4566074,1,UP ↑,0.0867852
2024-06-18,0.5432047,0.45679528,1,UP ↑,0.08640945
2024-06-19,0.54441935,0.45558065,1,UP ↑,0.0888387
2024-06-20,0.54375756,0.45624244,1,UP ↑,0.087515116
2024-06-21,0.5439419,0.45605808,1,UP ↑,0.08788383
2024-06-22,0.5463284,0.45367157,1,UP ↑,0.09265685
2024-06-23,0.54817915,0.45182085,1,UP ↑,0.0963583
2024-06-24,0.5495056,0.4504944,1,UP ↑,0.09901118
2024-06-25,0.5494379,0.45056212,1,UP ↑,0.09887576
2024-06-26,0.54715955,0.45284045,1,UP ↑,0.094319105
2024-06-27,0.5458724,0.4541276,1,UP ↑,0.09174478
2024-06-28,0.5479625,0.4520375,1,UP ↑,0.09592497
2024-06-29,0.54996663,0.45003337,1,UP ↑,0.09993327
2024-06-30,0.554194,0.44580603,1,UP ↑,0.10838795
2024-07-01,0.5582164,0.4417836,1,UP ↑,0.116432786
2024-07-02,0.5630552,0.43694478,1,UP ↑,0.12611043
2024-07-03,0.56412894,0.43587106,1,UP ↑,0.12825787
2024-07-04,0.56395847,0.43604153,1,UP ↑,0.12791693
2024-07-05,0.56124896,0.43875104,1,UP ↑,0.122497916
2024-07-06,0.5528303,0.44716972,1,UP ↑,0.10566056
2024-07-07,0.54966223,0.45033777,1,UP ↑,0.099324465
2024-07-08,0.54740095,0.45259905,1,UP ↑,0.0948019
2024-07-09,0.545505,0.454495,1,UP ↑,0.091009974
2024-07-10,0.54363644,0.45636356,1,UP ↑,0.08727288
2024-07-11,0.5408058,0.45919418,1,UP ↑,0.08161163
2024-07-12,0.537719,0.462281,1,UP ↑,0.07543802
2024-07-13,0.53497434,0.46502566,1,UP ↑,0.06994867
2024-07-14,0.5336102,0.46638978,1,UP ↑,0.06722045
2024-07-15,0.5320462,0.4679538,1,UP ↑,0.0640924
2024-07-16,0.53017664,0.46982336,1,UP ↑,0.06035328
2024-07-17,0.5279028,0.47209722,1,UP ↑,0.055805564
2024-07-18,0.5252079,0.47479212,1,UP ↑,0.050415754
2024-07-19,0.5239989,0.47600108,1,UP ↑,0.047997832
2024-07-20,0.5227131,0.47728688,1,UP ↑,0.04542625
2024-07-21,0.52460486,0.47539514,1,UP ↑,0.049209714
2024-07-22,0.5278271,0.47217292,1,UP ↑,0.055654168
2024-07-23,0.5296878,0.47031218,1,UP ↑,0.059375644
2024-07-24,0.5304752,0.4695248,1,UP ↑,0.0609504
2024-07-25,0.5305125,0.4694875,1,UP ↑,0.061025023
2024-07-26,0.5272173,0.47278267,1,UP ↑,0.054434657
2024-07-27,0.5258368,0.47416317,1,UP ↑,0.05167365
2024-07-28,0.52310896,0.47689104,1,UP ↑,0.04621792
2024-07-29,0.52558666,0.47441334,1,UP ↑,0.05117333
2024-07-30,0.52114064,0.47885936,1,UP ↑,0.04228127
2024-07-31,0.5215029,0.4784971,1,UP ↑,0.043005824
2024-08-01,0.5154829,0.4845171,1,UP ↑,0.030965805
2024-08-02,0.51378477,0.48621523,1,UP ↑,0.027569532
2024-08-03,0.50858843,0.49141157,1,UP ↑,0.017176867
2024-08-04,0.5096513,0.4903487,1,UP ↑,0.019302607
2024-08-05,0.50474477,0.49525523,1,UP ↑,0.009489536
2024-08-06,0.5031733,0.4968267,1,UP ↑,0.0063465834
2024-08-07,0.501937,0.49806303,1,UP ↑,0.0038739443
2024-08-08,0.50083303,0.49916697,1,UP ↑,0.001666069
2024-08-09,0.49805683,0.5019432,0,DOWN ↓,0.003886342
2024-08-10,0.49675387,0.5032461,0,DOWN ↓,0.006492257
2024-08-11,0.49670225,0.50329775,0,DOWN ↓,0.0065954924
2024-08-12,0.4980597,0.5019403,0,DOWN ↓,0.00388062
2024-08-13,0.4998697,0.5001303,0,DOWN ↓,0.0002605915
2024-08-14,0.503142,0.496858,1,UP ↑,0.0062839985
2024-08-15,0.5055774,0.4944226,1,UP ↑,0.011154771
2024-08-16,0.5067129,0.4932871,1,UP ↑,0.013425827
2024-08-17,0.50729203,0.49270797,1,UP ↑,0.0145840645
2024-08-18,0.5097157,0.49028432,1,UP ↑,0.019431353
2024-08-19,0.5146953,0.4853047,1,UP ↑,0.029390574
2024-08-20,0.51630676,0.48369324,1,UP ↑,0.032613516
2024-08-21,0.51686966,0.48313034,1,UP ↑,0.03373933
2024-08-22,0.51452136,0.48547864,1,UP ↑,0.02904272
2024-08-23,0.514596,0.485404,1,UP ↑,0.02919197
2024-08-24,0.5112006,0.4887994,1,UP ↑,0.022401214
2024-08-25,0.5115713,0.4884287,1,UP ↑,0.023142576
2024-08-26,0.51112825,0.48887175,1,UP ↑,0.022256494
2024-08-27,0.51182747,0.48817253,1,UP ↑,0.023654938
2024-08-28,0.51015186,0.48984814,1,UP ↑,0.020303726
2024-08-29,0.50953513,0.49046487,1,UP ↑,0.019070268
2024-08-30,0.50652003,0.49347997,1,UP ↑,0.013040066
2024-08-31,0.5089682,0.49103183,1,UP ↑,0.017936349
2024-09-01,0.5094688,0.4905312,1,UP ↑,0.018937588
2024-09-02,0.51559305,0.48440695,1,UP ↑,0.031186104
2024-09-03,0.5173392,0.48266077,1,UP ↑,0.03467846
2024-09-04,0.52221805,0.47778195,1,UP ↑,0.044436097
2024-09-05,0.523098,0.476902,1,UP ↑,0.046195984
2024-09-06,0.52530307,0.47469693,1,UP ↑,0.05060613
2024-09-07,0.5234274,0.47657257,1,UP ↑,0.046854854
2024-09-08,0.52690583,0.47309417,1,UP ↑,0.05381167
2024-09-09,0.530886,0.469114,1,UP ↑,0.06177199
2024-09-10,0.53180534,0.46819466,1,UP ↑,0.06361067
2024-09-11,0.53298557,0.46701443,1,UP ↑,0.065971136
2024-09-12,0.53102726,0.46897274,1,UP ↑,0.062054515
2024-09-13,0.5298103,0.4701897,1,UP ↑,0.05962062
2024-09-14,0.52935636,0.47064364,1,UP ↑,0.05871272
2024-09-15,0.53368837,0.46631163,1,UP ↑,0.06737673
2024-09-16,0.53647834,0.46352166,1,UP ↑,0.07295668
2024-09-17,0.5392056,0.4607944,1,UP ↑,0.07841122
2024-09-18,0.5402809,0.45971912,1,UP ↑,0.08056176
2024-09-19,0.53929,0.46071,1,UP ↑,0.07858002
2024-09-20,0.53753406,0.46246594,1,UP ↑,0.075068116
2024-09-21,0.53789735,0.46210265,1,UP ↑,0.0757947
2024-09-22,0.54121065,0.45878935,1,UP ↑,0.0824213
2024-09-23,0.5462332,0.45376682,1,UP ↑,0.092466354
2024-09-24,0.5488905,0.45110953,1,UP ↑,0.09778094
2024-09-25,0.55123544,0.44876456,1,UP ↑,0.102470875
2024-09-26,0.55456173,0.44543827,1,UP ↑,0.10912347
2024-09-27,0.5550601,0.4449399,1,UP ↑,0.11012018
2024-09-28,0.55525976,0.44474024,1,UP ↑,0.11051953
2024-09-29,0.55808574,0.44191426,1,UP ↑,0.11617148
2024-09-30,0.55752605,0.44247395,1,UP ↑,0.115052104
2024-10-01,0.5568518,0.4431482,1,UP ↑,0.11370361
2024-10-02,0.5544077,0.44559228,1,UP ↑,0.10881543
2024-10-03,0.5528304,0.4471696,1,UP ↑,0.105660796
2024-10-04,0.5511207,0.4488793,1,UP ↑,0.1022414
2024-10-05,0.5536446,0.4463554,1,UP ↑,0.107289195
2024-10-06,0.5552577,0.44474232,1,UP ↑,0.110515356
2024-10-07,0.5587842,0.4412158,1,UP ↑,0.11756837
2024-10-08,0.55816156,0.44183844,1,UP ↑,0.11632311
2024-10-09,0.55872434,0.44127566,1,UP ↑,0.11744869
2024-10-10,0.5587526,0.4412474,1,UP ↑,0.11750519
2024-10-11,0.55780596,0.44219404,1,UP ↑,0.11561191
2024-10-12,0.55746293,0.44253707,1,UP ↑,0.11492586
2024-10-13,0.55710655,0.44289345,1,UP ↑,0.11421311
2024-10-14,0.5591326,0.44086742,1,UP ↑,0.11826515
2024-10-15,0.5556515,0.4443485,1,UP ↑,0.11130297
2024-10-16,0.5532625,0.44673753,1,UP ↑,0.106524944
2024-10-17,0.54959404,0.45040596,1,UP ↑,0.09918809
2024-10-18,0.5476946,0.45230538,1,UP ↑,0.09538925
2024-10-19,0.54855454,0.45144546,1,UP ↑,0.09710908
2024-10-20,0.55240536,0.44759464,1,UP ↑,0.104810715
2024-10-21,0.55765986,0.44234014,1,UP ↑,0.11531973
2024-10-22,0.5604252,0.43957478,1,UP ↑,0.120850444
2024-10-23,0.5611206,0.43887937,1,UP ↑,0.12224126
2024-10-24,0.5591603,0.4408397,1,UP ↑,0.118320584
2024-10-25,0.557726,0.44227397,1,UP ↑,0.11545205
2024-10-26,0.55707455,0.44292545,1,UP ↑,0.11414909
2024-10-27,0.5594555,0.4405445,1,UP ↑,0.11891103
2024-10-28,0.5628121,0.4371879,1,UP ↑,0.12562418
2024-10-29,0.56381243,0.43618757,1,UP ↑,0.12762487
2024-10-30,0.56276935,0.43723065,1,UP ↑,0.1255387
2024-10-31,0.5610585,0.43894148,1,UP ↑,0.12211704
2024-11-01,0.56059885,0.43940115,1,UP ↑,0.1211977
2024-11-02,0.56108403,0.43891597,1,UP ↑,0.122168064
2024-11-03,0.5632113,0.43678868,1,UP ↑,0.12642264
2024-11-04,0.5629455,0.4370545,1,UP ↑,0.12589097
2024-11-05,0.56147265,0.43852735,1,UP ↑,0.12294531
2024-11-06,0.56351507,0.43648493,1,UP ↑,0.12703013
2024-11-07,0.55794156,0.44205844,1,UP ↑,0.11588311
2024-11-08,0.55755013,0.44244987,1,UP ↑,0.115100265
2024-11-09,0.5545223,0.44547772,1,UP ↑,0.10904455
2024-11-10,0.5582335,0.4417665,1,UP ↑,0.116467
2024-11-11,0.554487,0.445513,1,UP ↑,0.10897398
2024-11-12,0.5516591,0.4483409,1,UP ↑,0.103318214
2024-11-13,0.55061984,0.44938016,1,UP ↑,0.10123968
2024-11-14,0.55516124,0.44483876,1,UP ↑,0.110322475
2024-11-15,0.5566564,0.44334358,1,UP ↑,0.11331284
2024-11-16,0.55833644,0.44166356,1,UP ↑,0.11667287
2024-11-17,0.556952,0.443048,1,UP ↑,0.113904
2024-11-18,0.55772674,0.44227326,1,UP ↑,0.11545348
2024-11-19,0.5559594,0.4440406,1,UP ↑,0.11191881
2024-11-20,0.5602354,0.43976462,1,UP ↑,0.12047076
2024-11-21,0.5616694,0.4383306,1,UP ↑,0.12333882
2024-11-22,0.5636761,0.43632388,1,UP ↑,0.12735224
2024-11-23,0.5610904,0.4389096,1,UP ↑,0.12218082
2024-11-24,0.55988765,0.44011235,1,UP ↑,0.119775295
2024-11-25,0.55679965,0.44320035,1,UP ↑,0.1135993
2024-11-26,0.55874896,0.44125104,1,UP ↑,0.11749792
2024-11-27,0.556325,0.44367498,1,UP ↑,0.11265004
2024-11-28,0.55907565,0.44092435,1,UP ↑,0.11815131
2024-11-29,0.5545351,0.4454649,1,UP ↑,0.10907018
2024-11-30,0.55709237,0.44290763,1,UP ↑,0.11418474
2024-12-01,0.55293435,0.44706565,1,UP ↑,0.1058687
2024-12-02,0.56124043,0.43875957,1,UP ↑,0.12248087
2024-12-03,0.5632835,0.4367165,1,UP ↑,0.126567
2024-12-04,0.5731413,0.42685872,1,UP ↑,0.14628255
2024-12-05,0.5741751,0.42582488,1,UP ↑,0.14835024
2024-12-06,0.5761657,0.42383432,1,UP ↑,0.15233135
2024-12-07,0.57514167,0.42485833,1,UP ↑,0.15028334
2024-12-08,0.57555217,0.42444783,1,UP ↑,0.15110433
2024-12-09,0.5747447,0.4252553,1,UP ↑,0.1494894
2024-12-10,0.57857126,0.42142874,1,UP ↑,0.15714252
2024-12-11,0.57733506,0.42266494,1,UP ↑,0.15467012
2024-12-12,0.5808904,0.41910958,1,UP ↑,0.16178083
2024-12-13,0.5789499,0.42105007,1,UP ↑,0.15789986
2024-12-14,0.57923365,0.42076635,1,UP ↑,0.1584673
2024-12-15,0.58004063,0.41995937,1,UP ↑,0.16008127
2024-12-16,0.583669,0.416331,1,UP ↑,0.16733801
2024-12-17,0.58640647,0.41359353,1,UP ↑,0.17281294
2024-12-18,0.58958244,0.41041756,1,UP ↑,0.17916489
2024-12-19,0.59200895,0.40799105,1,UP ↑,0.1840179
2024-12-20,0.5920228,0.40797722,1,UP ↑,0.18404555
2024-12-21,0.592897,0.407103,1,UP ↑,0.185794
2024-12-22,0.5921186,0.40788138,1,UP ↑,0.18423724
2024-12-23,0.59514457,0.40485543,1,UP ↑,0.19028914
2024-12-24,0.5920295,0.4079705,1,UP ↑,0.18405902
2024-12-25,0.5906594,0.40934062,1,UP ↑,0.18131876
2024-12-26,0.59047043,0.40952957,1,UP ↑,0.18094087
2024-12-27,0.5920062,0.4079938,1,UP ↑,0.18401241
2024-12-28,0.5889519,0.4110481,1,UP ↑,0.17790377
2024-12-29,0.59092236,0.40907764,1,UP ↑,0.18184471
2024-12-30,0.59104544,0.40895456,1,UP ↑,0.18209088
2024-12-31,0.5929123,0.40708768,1,UP ↑,0.18582463
2025-01-01,0.5928737,0.4071263,1,UP ↑,0.18574739
2025-01-02,0.59508175,0.40491825,1,UP ↑,0.1901635
2025-01-03,0.5933515,0.40664852,1,UP ↑,0.18670297
2025-01-04,0.59381396,0.40618604,1,UP ↑,0.18762791
2025-01-05,0.5928518,0.40714818,1,UP ↑,0.18570364
2025-01-06,0.5937797,0.40622032,1,UP ↑,0.18755937
2025-01-07,0.5925999,0.40740007,1,UP ↑,0.18519986
2025-01-08,0.59126747,0.40873253,1,UP ↑,0.18253493
2025-01-09,0.5889194,0.4110806,1,UP ↑,0.1778388
2025-01-10,0.5852816,0.4147184,1,UP ↑,0.17056322
2025-01-11,0.5804181,0.4195819,1,UP ↑,0.16083622
2025-01-12,0.5762791,0.4237209,1,UP ↑,0.15255821
2025-01-13,0.57284486,0.42715514,1,UP ↑,0.14568973
2025-01-14,0.5679701,0.4320299,1,UP ↑,0.1359402
2025-01-15,0.5646927,0.43530732,1,UP ↑,0.12938535
2025-01-16,0.5651148,0.4348852,1,UP ↑,0.13022959
2025-01-17,0.56422913,0.43577087,1,UP ↑,0.12845826
2025-01-18,0.56027776,0.43972224,1,UP ↑,0.12055552
2025-01-19,0.559003,0.440997,1,UP ↑,0.11800599
2025-01-20,0.5590469,0.44095308,1,UP ↑,0.11809385
2025-01-21,0.5598277,0.4401723,1,UP ↑,0.11965537
2025-01-22,0.5606827,0.4393173,1,UP ↑,0.12136543
2025-01-23,0.5641192,0.43588078,1,UP ↑,0.12823844
2025-01-24,0.5619792,0.43802083,1,UP ↑,0.12395835
2025-01-25,0.5623119,0.4376881,1,UP ↑,0.124623775
2025-01-26,0.560155,0.43984503,1,UP ↑,0.12030995
2025-01-27,0.5617564,0.43824363,1,UP ↑,0.123512745
2025-01-28,0.5606763,0.43932372,1,UP ↑,0.12135255
2025-01-29,0.5592948,0.44070518,1,UP ↑,0.11858964
2025-01-30,0.559084,0.440916,1,UP ↑,0.118168
2025-01-31,0.5588105,0.44118953,1,UP ↑,0.117620945
2025-02-01,0.55763215,0.44236785,1,UP ↑,0.1152643
2025-02-02,0.5568586,0.4431414,1,UP ↑,0.1137172
2025-02-03,0.56302756,0.43697244,1,UP ↑,0.12605512
2025-02-04,0.5671522,0.4328478,1,UP ↑,0.1343044
2025-02-05,0.57218194,0.42781806,1,UP ↑,0.14436388
2025-02-06,0.572026,0.427974,1,UP ↑,0.14405203
2025-02-07,0.57245237,0.42754763,1,UP ↑,0.14490473
2025-02-08,0.57119393,0.42880607,1,UP ↑,0.14238787
2025-02-09,0.57252485,0.42747515,1,UP ↑,0.14504969
2025-02-10,0.5733207,0.4266793,1,UP ↑,0.14664137
2025-02-11,0.576144,0.42385602,1,UP ↑,0.15228796
2025-02-12,0.5754222,0.42457777,1,UP ↑,0.15084445
2025-02-13,0.5771233,0.42287672,1,UP ↑,0.15424657
2025-02-14,0.5754193,0.4245807,1,UP ↑,0.15083861
2025-02-15,0.5730894,0.42691058,1,UP ↑,0.14617884
2025-02-16,0.5698875,0.43011248,1,UP ↑,0.13977504
2025-02-17,0.5672552,0.4327448,1,UP ↑,0.1345104
2025-02-18,0.5667071,0.43329293,1,UP ↑,0.13341415
2025-02-19,0.5640868,0.4359132,1,UP ↑,0.12817359
2025-02-20,0.5666553,0.43334472,1,UP ↑,0.13331056
2025-02-21,0.56951076,0.43048924,1,UP ↑,0.13902152
2025-02-22,0.57168293,0.42831707,1,UP ↑,0.14336586
2025-02-23,0.5741374,0.4258626,1,UP ↑,0.14827478
2025-02-24,0.5784386,0.42156142,1,UP ↑,0.15687716
2025-02-25,0.58402723,0.41597277,1,UP ↑,0.16805446
2025-02-26,0.58504313,0.41495687,1,UP ↑,0.17008626
2025-02-27,0.58333015,0.41666985,1,UP ↑,0.16666031
2025-02-28,0.57890534,0.42109466,1,UP ↑,0.15781069
2025-03-01,0.5756591,0.4243409,1,UP ↑,0.15131819
2025-03-02,0.57115716,0.42884284,1,UP ↑,0.14231431
2025-03-03,0.56997716,0.43002284,1,UP ↑,0.13995433
2025-03-04,0.56669086,0.43330914,1,UP ↑,0.13338172
2025-03-05,0.5662174,0.43378258,1,UP ↑,0.13243484
2025-03-06,0.5659726,0.43402737,1,UP ↑,0.13194525
2025-03-07,0.5652573,0.4347427,1,UP ↑,0.13051462
2025-03-08,0.56124914,0.43875086,1,UP ↑,0.122498274
2025-03-09,0.5604486,0.4395514,1,UP ↑,0.120897174
2025-03-10,0.5577211,0.44227892,1,UP ↑,0.11544216
2025-03-11,0.5575868,0.4424132,1,UP ↑,0.11517358
2025-03-12,0.5551094,0.44489062,1,UP ↑,0.11021876
2025-03-13,0.5565755,0.44342452,1,UP ↑,0.113150954
2025-03-14,0.5545161,0.44548392,1,UP ↑,0.109032154
2025-03-15,0.5554773,0.44452268,1,UP ↑,0.11095464
2025-03-16,0.5529913,0.44700873,1,UP ↑,0.10598254
2025-03-17,0.5539657,0.4460343,1,UP ↑,0.107931376
2025-03-18,0.5519089,0.4480911,1,UP ↑,0.10381782
2025-03-19,0.55426025,0.44573975,1,UP ↑,0.10852051
2025-03-20,0.55400246,0.44599754,1,UP ↑,0.10800493
2025-03-21,0.5545419,0.4454581,1,UP ↑,0.10908377
2025-03-22,0.55241925,0.44758075,1,UP ↑,0.10483849
2025-03-23,0.5515838,0.44841617,1,UP ↑,0.10316765
2025-03-24,0.55287236,0.44712764,1,UP ↑,0.10574472
2025-03-25,0.55696666,0.44303334,1,UP ↑,0.113933325
2025-03-26,0.5573901,0.4426099,1,UP ↑,0.11478019
2025-03-27,0.5619812,0.4380188,1,UP ↑,0.1239624
2025-03-28,0.56460625,0.43539375,1,UP ↑,0.1292125
2025-03-29,0.5665442,0.43345582,1,UP ↑,0.13308835
2025-03-30,0.5680959,0.43190408,1,UP ↑,0.13619184
2025-03-31,0.5682189,0.4317811,1,UP ↑,0.13643777
2025-04-01,0.5682445,0.43175548,1,UP ↑,0.13648903
2025-04-02,0.567933,0.43206698,1,UP ↑,0.13586605
2025-04-03,0.56825954,0.43174046,1,UP ↑,0.13651907
2025-04-04,0.5672664,0.4327336,1,UP ↑,0.13453281
2025-04-05,0.5649035,0.4350965,1,UP ↑,0.129807
2025-04-06,0.56516385,0.43483615,1,UP ↑,0.1303277
2025-04-07,0.5624189,0.43758112,1,UP ↑,0.124837756
2025-04-08,0.5580109,0.44198912,1,UP ↑,0.11602175
2025-04-09,0.55510145,0.44489855,1,UP ↑,0.11020291
2025-04-10,0.5528016,0.4471984,1,UP ↑,0.10560322
2025-04-11,0.5511957,0.44880432,1,UP ↑,0.10239136
2025-04-12,0.5467404,0.4532596,1,UP ↑,0.093480825
2025-04-13,0.54641145,0.45358855,1,UP ↑,0.09282291
2025-04-14,0.5447439,0.4552561,1,UP ↑,0.08948779
2025-04-15,0.5455569,0.4544431,1,UP ↑,0.091113806
2025-04-16,0.5443239,0.45567608,1,UP ↑,0.08864784
2025-04-17,0.54787374,0.45212626,1,UP ↑,0.09574747
2025-04-18,0.5481821,0.45181793,1,UP ↑,0.09636414
2025-04-19,0.553567,0.446433,1,UP ↑,0.107133985
2025-04-20,0.5540134,0.44598663,1,UP ↑,0.10802674
2025-04-21,0.55914944,0.44085056,1,UP ↑,0.11829889
2025-04-22,0.56238574,0.43761426,1,UP ↑,0.124771476
2025-04-23,0.5644787,0.4355213,1,UP ↑,0.12895739
2025-04-24,0.56601995,0.43398005,1,UP ↑,0.1320399
2025-04-25,0.5679666,0.43203342,1,UP ↑,0.13593316
2025-04-26,0.56521225,0.43478775,1,UP ↑,0.1304245
2025-04-27,0.5692366,0.43076342,1,UP ↑,0.13847315
2025-04-28,0.5692431,0.43075693,1,UP ↑,0.13848615
2025-04-29,0.5736063,0.4263937,1,UP ↑,0.14721262
2025-04-30,0.5738462,0.42615378,1,UP ↑,0.14769244
2025-05-01,0.5789277,0.4210723,1,UP ↑,0.15785539
2025-05-02,0.5787026,0.42129737,1,UP ↑,0.15740526
2025-05-03,0.5812158,0.4187842,1,UP ↑,0.1624316
2025-05-04,0.58322626,0.41677374,1,UP ↑,0.16645253
2025-05-05,0.58689684,0.41310316,1,UP ↑,0.17379367
2025-05-06,0.5888313,0.4111687,1,UP ↑,0.17766261
2025-05-07,0.5898764,0.4101236,1,UP ↑,0.17975283
2025-05-08,0.5909088,0.40909117,1,UP ↑,0.18181765
2025-05-09,0.5885301,0.41146988,1,UP ↑,0.17706025
2025-05-10,0.5871534,0.41284662,1,UP ↑,0.17430675
2025-05-11,0.5860608,0.41393918,1,UP ↑,0.17212164
2025-05-12,0.5835588,0.4164412,1,UP ↑,0.1671176
2025-05-13,0.5811899,0.41881013,1,UP ↑,0.16237974
2025-05-14,0.57859886,0.42140114,1,UP ↑,0.15719771
2025-05-15,0.5808986,0.41910142,1,UP ↑,0.16179717
2025-05-16,0.5799854,0.42001462,1,UP ↑,0.15997076
2025-05-17,0.5814479,0.4185521,1,UP ↑,0.1628958
2025-05-18,0.58054775,0.41945225,1,UP ↑,0.1610955
2025-05-19,0.5837623,0.4162377,1,UP ↑,0.16752458
2025-05-20,0.5839689,0.41603112,1,UP ↑,0.16793776
2025-05-21,0.58585364,0.41414636,1,UP ↑,0.17170727
2025-05-22,0.58443457,0.41556543,1,UP ↑,0.16886914
2025-05-23,0.5849983,0.4150017,1,UP ↑,0.16999662
2025-05-24,0.57802767,0.42197233,1,UP ↑,0.15605533
2025-05-25,0.57688296,0.42311704,1,UP ↑,0.15376592
2025-05-26,0.5718607,0.42813933,1,UP ↑,0.14372134
2025-05-27,0.57002634,0.42997366,1,UP ↑,0.14005268
2025-05-28,0.5665764,0.43342358,1,UP ↑,0.13315284
2025-05-29,0.56641597,0.43358403,1,UP ↑,0.13283193
2025-05-30,0.5656362,0.43436378,1,UP ↑,0.13127244
2025-05-31,0.56513166,0.43486834,1,UP ↑,0.13026333
2025-06-01,0.56570685,0.43429315,1,UP ↑,0.1314137
2025-06-02,0.5658853,0.4341147,1,UP ↑,0.13177061
2025-06-03,0.5683977,0.4316023,1,UP ↑,0.1367954
2025-06-04,0.566686,0.43331403,1,UP ↑,0.13337195
2025-06-05,0.5716863,0.42831367,1,UP ↑,0.14337265
2025-06-06,0.5696025,0.4303975,1,UP ↑,0.13920498
2025-06-07,0.5711299,0.42887008,1,UP ↑,0.14225984
2025-06-08,0.56902456,0.43097544,1,UP ↑,0.13804913
2025-06-09,0.5712677,0.42873228,1,UP ↑,0.14253545
2025-06-10,0.5721541,0.4278459,1,UP ↑,0.14430821
2025-06-11,0.5713888,0.42861122,1,UP ↑,0.14277756
2025-06-12,0.57397264,0.42602736,1,UP ↑,0.14794528
2025-06-13,0.57560974,0.42439026,1,UP ↑,0.15121949
2025-06-14,0.5734937,0.42650628,1,UP ↑,0.14698744
2025-06-15,0.57403874,0.42596126,1,UP ↑,0.14807749
2025-06-16,0.5725689,0.4274311,1,UP ↑,0.14513779
2025-06-17,0.57280207,0.42719793,1,UP ↑,0.14560413
2025-06-18,0.5691629,0.4308371,1,UP ↑,0.13832581
2025-06-19,0.57057375,0.42942625,1,UP ↑,0.1411475
2025-06-20,0.5683796,0.43162042,1,UP ↑,0.13675916
2025-06-21,0.5683668,0.43163317,1,UP ↑,0.13673365
2025-06-22,0.56566054,0.43433946,1,UP ↑,0.13132107
2025-06-23,0.56361884,0.43638116,1,UP ↑,0.12723768
2025-06-24,0.5598776,0.44012243,1,UP ↑,0.11975515
2025-06-25,0.5575421,0.4424579,1,UP ↑,0.11508417
2025-06-26,0.55776304,0.44223696,1,UP ↑,0.11552608
2025-06-27,0.55978805,0.44021195,1,UP ↑,0.1195761
2025-06-28,0.56361955,0.43638045,1,UP ↑,0.12723911
2025-06-29,0.5637822,0.43621778,1,UP ↑,0.12756443
2025-06-30,0.5686166,0.43138337,1,UP ↑,0.13723326
2025-07-01,0.57308435,0.42691565,1,UP ↑,0.14616871
2025-07-02,0.57481676,0.42518324,1,UP ↑,0.14963353
2025-07-03,0.5780403,0.4219597,1,UP ↑,0.1560806
2025-07-04,0.57955426,0.42044574,1,UP ↑,0.15910852
2025-07-05,0.5797281,0.42027187,1,UP ↑,0.15945625
2025-07-06,0.5810499,0.41895008,1,UP ↑,0.16209984
2025-07-07,0.58436793,0.41563207,1,UP ↑,0.16873586
2025-07-08,0.58701444,0.41298556,1,UP ↑,0.17402887
2025-07-09,0.5867366,0.41326338,1,UP ↑,0.17347324
2025-07-10,0.5907154,0.4092846,1,UP ↑,0.18143082
2025-07-11,0.5903359,0.4096641,1,UP ↑,0.18067181
2025-07-12,0.59158045,0.40841955,1,UP ↑,0.1831609
2025-07-13,0.5915833,0.4084167,1,UP ↑,0.18316662
2025-07-14,0.5951975,0.4048025,1,UP ↑,0.190395
2025-07-15,0.5965166,0.4034834,1,UP ↑,0.19303322
2025-07-16,0.59356344,0.40643656,1,UP ↑,0.18712687
2025-07-17,0.5949818,0.4050182,1,UP ↑,0.18996358
2025-07-18,0.59199876,0.40800124,1,UP ↑,0.18399751
2025-07-19,0.5938104,0.40618962,1,UP ↑,0.18762076
2025-07-20,0.59461373,0.40538627,1,UP ↑,0.18922746
2025-07-21,0.5987308,0.4012692,1,UP ↑,0.1974616
2025-07-22,0.59977084,0.40022916,1,UP ↑,0.19954169
2025-07-23,0.6020817,0.39791828,1,UP ↑,0.20416343
2025-07-24,0.6029236,0.39707643,1,UP ↑,0.20584714
2025-07-25,0.6082541,0.39174592,1,UP ↑,0.21650815
2025-07-26,0.6061034,0.39389658,1,UP ↑,0.21220684
2025-07-27,0.6095431,0.39045691,1,UP ↑,0.21908617
2025-07-28,0.6108355,0.3891645,1,UP ↑,0.22167099
2025-07-29,0.6135534,0.3864466,1,UP ↑,0.22710681
2025-07-30,0.6105673,0.38943273,1,UP ↑,0.22113454
2025-07-31,0.6127752,0.3872248,1,UP ↑,0.22555041
2025-08-01,0.611062,0.388938,1,UP ↑,0.22212398
2025-08-02,0.61102825,0.38897175,1,UP ↑,0.22205651
2025-08-03,0.60794556,0.39205444,1,UP ↑,0.21589112
2025-08-04,0.60570514,0.39429486,1,UP ↑,0.21141028
2025-08-05,0.6057889,0.3942111,1,UP ↑,0.21157777
2025-08-06,0.6047335,0.39526647,1,UP ↑,0.20946705
2025-08-07,0.6058593,0.39414072,1,UP ↑,0.21171856
2025-08-08,0.60727596,0.39272404,1,UP ↑,0.21455193
2025-08-09,0.6098173,0.39018267,1,UP ↑,0.21963465
2025-08-10,0.6115745,0.38842553,1,UP ↑,0.22314894
2025-08-11,0.6112322,0.38876778,1,UP ↑,0.22246444
2025-08-12,0.60725296,0.39274704,1,UP ↑,0.21450591
2025-08-13,0.6065494,0.39345062,1,UP ↑,0.21309876
2025-08-14,0.6052732,0.3947268,1,UP ↑,0.21054637
2025-08-15,0.6017388,0.3982612,1,UP ↑,0.20347762
2025-08-16,0.6011586,0.39884138,1,UP ↑,0.20231724
2025-08-17,0.59967756,0.40032244,1,UP ↑,0.19935513
2025-08-18,0.60087645,0.39912355,1,UP ↑,0.2017529
2025-08-19,0.60083544,0.39916456,1,UP ↑,0.20167089
2025-08-20,0.600495,0.39950502,1,UP ↑,0.20098996
2025-08-21,0.6017704,0.3982296,1,UP ↑,0.2035408
2025-08-22,0.6025741,0.3974259,1,UP ↑,0.20514822
2025-08-23,0.6017211,0.3982789,1,UP ↑,0.20344222
2025-08-24,0.6019498,0.3980502,1,UP ↑,0.20389962
2025-08-25,0.6033768,0.3966232,1,UP ↑,0.20675361
2025-08-26,0.6019292,0.3980708,1,UP ↑,0.20385838
2025-08-27,0.60202724,0.39797276,1,UP ↑,0.20405447
2025-08-28,0.6013557,0.39864433,1,UP ↑,0.20271134
2025-08-29,0.6033126,0.3966874,1,UP ↑,0.20662522
2025-08-30,0.60287046,0.39712954,1,UP ↑,0.20574093
2025-08-31,0.60580426,0.39419574,1,UP ↑,0.21160853
2025-09-01,0.60740876,0.39259124,1,UP ↑,0.21481752
2025-09-02,0.6100511,0.3899489,1,UP ↑,0.22010219
2025-09-03,0.6084245,0.39157552,1,UP ↑,0.21684897
2025-09-04,0.6109678,0.38903219,1,UP ↑,0.22193563
2025-09-05,0.60993785,0.39006215,1,UP ↑,0.2198757
2025-09-06,0.6075149,0.39248508,1,UP ↑,0.21502984
2025-09-07,0.60762787,0.39237213,1,UP ↑,0.21525574
2025-09-08,0.60932845,0.39067155,1,UP ↑,0.2186569
2025-09-09,0.61130005,0.38869995,1,UP ↑,0.2226001
2025-09-10,0.61240673,0.38759327,1,UP ↑,0.22481346
2025-09-11,0.6156841,0.3843159,1,UP ↑,0.23136818
2025-09-12,0.617621,0.382379,1,UP ↑,0.23524201
2025-09-13,0.6201454,0.37985462,1,UP ↑,0.24029076
2025-09-14,0.6201973,0.3798027,1,UP ↑,0.24039459
2025-09-15,0.6219453,0.37805468,1,UP ↑,0.24389064
2025-09-16,0.62459165,0.37540835,1,UP ↑,0.2491833
2025-09-17,0.6262496,0.3737504,1,UP ↑,0.25249922
2025-09-18,0.62787795,0.37212205,1,UP ↑,0.2557559
2025-09-19,0.627386,0.37261403,1,UP ↑,0.25477195
2025-09-20,0.6273571,0.37264287,1,UP ↑,0.25471425
2025-09-21,0.6310253,0.3689747,1,UP ↑,0.26205063
2025-09-22,0.63173103,0.36826897,1,UP ↑,0.26346207
2025-09-23,0.6339937,0.3660063,1,UP ↑,0.26798737
2025-09-24,0.63332665,0.36667335,1,UP ↑,0.2666533
2025-09-25,0.634355,0.365645,1,UP ↑,0.26871002
2025-09-26,0.63238686,0.36761314,1,UP ↑,0.26477373
2025-09-27,0.6318296,0.36817038,1,UP ↑,0.26365924
2025-09-28,0.6297619,0.37023813,1,UP ↑,0.25952375
2025-09-29,0.631853,0.36814702,1,UP ↑,0.26370597
2025-09-30,0.6305846,0.3694154,1,UP ↑,0.2611692
2025-10-01,0.6317255,0.3682745,1,UP ↑,0.26345098
2025-10-02,0.6293487,0.3706513,1,UP ↑,0.2586974
2025-10-03,0.62716204,0.37283796,1,UP ↑,0.25432408
2025-10-04,0.62249994,0.37750006,1,UP ↑,0.24499989
2025-10-05,0.6174542,0.38254583,1,UP ↑,0.23490834
2025-10-06,0.6149269,0.38507313,1,UP ↑,0.22985375
2025-10-07,0.61194605,0.38805395,1,UP ↑,0.2238921
2025-10-08,0.6087791,0.39122093,1,UP ↑,0.21755815
2025-10-09,0.60546696,0.39453304,1,UP ↑,0.21093392
2025-10-10,0.6002715,0.39972848,1,UP ↑,0.20054305
2025-10-11,0.5945307,0.4054693,1,UP ↑,0.1890614
2025-10-12,0.5884337,0.41156632,1,UP ↑,0.17686737
2025-10-13,0.585583,0.41441703,1,UP ↑,0.17116594
2025-10-14,0.5828296,0.4171704,1,UP ↑,0.16565919
2025-10-15,0.58161896,0.41838104,1,UP ↑,0.16323793
2025-10-16,0.5800353,0.41996467,1,UP ↑,0.16007066
2025-10-17,0.5785996,0.42140043,1,UP ↑,0.15719914
2025-10-18,0.5759291,0.4240709,1,UP ↑,0.15185821
2025-10-19,0.57508624,0.42491376,1,UP ↑,0.15017247
2025-10-20,0.57578504,0.42421496,1,UP ↑,0.15157008
2025-10-21,0.57478166,0.42521834,1,UP ↑,0.14956331
2025-10-22,0.5728445,0.4271555,1,UP ↑,0.14568901
2025-10-23,0.5727966,0.42720342,1,UP ↑,0.14559317
2025-10-24,0.57072556,0.42927444,1,UP ↑,0.14145112
2025-10-25,0.57260525,0.42739475,1,UP ↑,0.1452105
2025-10-26,0.57564175,0.42435825,1,UP ↑,0.1512835
2025-10-27,0.58046436,0.41953564,1,UP ↑,0.16092873
2025-10-28,0.5824936,0.4175064,1,UP ↑,0.1649872
2025-10-29,0.5840267,0.4159733,1,UP ↑,0.16805339
2025-10-30,0.5847813,0.4152187,1,UP ↑,0.16956258
2025-10-31,0.58385766,0.41614234,1,UP ↑,0.16771531
2025-11-01,0.5841917,0.41580832,1,UP ↑,0.16838336
2025-11-02,0.5864945,0.4135055,1,UP ↑,0.17298901
2025-11-03,0.5880664,0.4119336,1,UP ↑,0.1761328
